Team,Player Name,Player Type, Batting_T20_M, Batting_T20_Inn, Batting_T20_Runs, Batting_T20_BF, Batting_T20_HS, Batting_T20_Avg, Batting_T20_SR, Batting_T20_NO, Batting_T20_4s , Batting_T20_6s, Batting_T20_50, Batting_T20_100, Batting_T20_200, Batting_IPL_M, Batting_IPL_Inn, Batting_IPL_Runs, Batting_IPL_BF, Batting_IPL_HS, Batting_IPL_Avg, Batting_IPL_SR, Batting_IPL_NO, Batting_IPL_4s , Batting_IPL_6s, Batting_IPL_50, Batting_IPL_100, Batting_IPL_200
CHE,Vansh Bedi,WK,0,0,0,0,0,0.0,0.0,0,0,0,0,0,0,0,0,0,0,0,0.0,0.0,0.0,0.0,0,0,0,0
CHE,Andre Siddharth,BAT,0,0,0,0,0,0.0,0.0,0,0,0,0,0,0,0,0,0,0,0,0.0,0.0,0.0,0.0,0,0,0,0
CHE,Ramakrishna Ghosh,ALL,0,0,0,0,0,0.0,0.0,0,0,0,0,0,0,0,0,0,0,0,0.0,0.0,0.0,0.0,0,0,0,0
CHE,Shaik Rasheed,BAT,0,0,0,0,0,0.0,0.0,0,0,0,0,0,0,0,0,0,0,0,0.0,0.0,0.0,0.0,0,0,0,0
CHE,Gurjapneet Singh,BOWL,0,0,0,0,0,0.0,0.0,0,0,0,0,0,0,0,0,0,0,0,0.0,0.0,0.0,0.0,0,0,0,0
CHE,Matheesha Pathirana,BOWL,19,9,17,32,6,3.4,53.13,4,1,0,0,0,0,24,0,0,0,0,0.0,0.0,0.0,0.0,0,0,0,0
CHE,Noor Ahmad,BOWL,14,8,41,53,12,6.83,77.36,2,1,3,0,0,0,28,8,13,20,7,3.25,65.0,4.0,2.0,0,0,0,0
CHE,Anshul Kamboj,BOWL,0,0,0,0,0,0.0,0.0,0,0,0,0,0,0,3,1,2,2,2,0.0,100.0,1.0,0.0,0,0,0,0
CHE,Nathan Ellis,BOWL,20,6,18,38,11,6.0,47.37,3,0,0,0,0,0,17,5,19,25,12,4.75,76.0,1.0,0.0,1,0,0,0
CHE,Mukesh Choudhary,BOWL,0,0,0,0,0,0.0,0.0,0,0,0,0,0,0,16,2,6,6,4,6.0,100.0,1.0,1.0,0,0,0,0
CHE,Ruturaj Gaikwad,BAT,23,20,633,441,123,39.56,143.54,4,65,24,4,1,0,71,70,2502,1820,108,40.35,137.48,8.0,231.0,95,20,2,0
CHE,Kamlesh Nagarkoti,BOWL,0,0,0,0,0,0.0,0.0,0,0,0,0,0,0,12,7,22,33,8,5.5,66.67,3.0,1.0,0,0,0,0
CHE,Rachin Ravindra,BAT,26,24,309,242,69,17.17,127.69,6,19,14,2,0,0,15,15,367,247,65,26.21,148.59,1.0,35.0,16,2,0,0
CHE,Khaleel Ahmed,BOWL,18,2,1,2,1,0.0,50.0,2,0,0,0,0,0,62,5,1,7,1,0.2,14.29,0.0,0.0,0,0,0,0
CHE,Shivam Dube,BAT,35,26,531,379,63,31.24,140.11,9,37,28,4,0,0,70,66,1608,1098,95,29.24,146.45,11.0,93.0,108,9,0,0
CHE,Rahul Tripathi,BAT,5,5,97,67,44,19.4,144.78,0,11,5,0,0,0,98,96,2266,1630,93,26.35,139.02,10.0,227.0,85,12,0,0
CHE,Sam Curran,ALL,58,34,356,286,50,14.24,124.48,9,21,15,1,0,0,61,50,895,669,63,24.19,133.79,13.0,74.0,37,5,0,0
CHE,Shreyas Gopal,BOWL,0,0,0,0,0,0.0,0.0,0,0,0,0,0,0,52,22,180,169,24,12.86,106.51,8.0,19.0,2,0,0,0
CHE,Deepak Hooda,BAT,21,17,368,250,104,30.67,147.2,5,29,18,0,1,0,120,98,1472,1145,64,17.95,128.56,16.0,97.0,61,8,0,0
CHE,Devon Conway,WK,50,46,1408,1102,99,38.05,127.77,9,135,37,10,0,0,25,24,1006,717,92,47.9,140.31,3.0,106.0,32,10,0,0
CHE,Jamie Overton,ALL,12,8,50,47,19,8.33,106.39,2,3,1,0,0,0,1,1,11,4,11,0.0,275.0,1.0,0.0,1,0,0,0
CHE,Vijay Shankar,BAT,9,4,101,73,43,25.25,138.36,0,11,5,0,0,0,75,63,1195,921,69,26.56,129.76,18.0,85.0,47,7,0,0
CHE,	Ravichandran Ashwin	,ALL,65,19,184,160,31,26.29,115.0,12,17,4,0,0,0,0,65,65,1452,1672,72.0,23.22,6.91,20.17,4/8,4/8,0,0
CHE,Ravindra Jadeja,ALL,74,41,515,405,46,21.46,127.17,17,39,14,0,0,0,245,189,3044,2348,62,27.42,129.65,78.0,220.0,110,3,0,0
CHE,MS Dhoni,WK,98,85,1617,1282,56,37.6,126.14,42,116,52,2,0,0,269,234,5346,3879,84,39.31,137.82,98.0,369.0,259,24,0,0
DC,Madhav Tiwari,ALL,0,0,0,0,0,0.0,0.0,0,0,0,0,0,0,0,0,0,0,0,0.0,0.0,0.0,0.0,0,0,0,0
DC,Manvanth Kumar L,ALL,0,0,0,0,0,0.0,0.0,0,0,0,0,0,0,0,0,0,0,0,0.0,0.0,0.0,0.0,0,0,0,0
DC,Tripurana Vijay,BOWL,0,0,0,0,0,0.0,0.0,0,0,0,0,0,0,0,0,0,0,0,0.0,0.0,0.0,0.0,0,0,0,0
DC,Vipraj Nigam,BOWL,0,0,0,0,0,0.0,0.0,0,0,0,0,0,0,4,2,40,17,39,40.0,235.3,1.0,5.0,2,0,0,0
DC,Tristan Stubbs,BAT,35,29,670,497,76,29.13,134.81,6,57,28,2,0,0,22,21,522,304,71,43.5,171.72,9.0,36.0,31,3,0,0
DC,Abishek Porel,WK,0,0,0,0,0,0.0,0.0,0,0,0,0,0,0,22,20,434,283,65,25.53,153.36,3.0,44.0,18,2,0,0
DC,Ashutosh Sharma,BAT,0,0,0,0,0,0.0,0.0,0,0,0,0,0,0,14,11,256,145,66,32.0,176.56,3.0,15.0,20,2,0,0
DC,Donovan Ferreira,ALL,6,5,79,50,48,15.8,158.0,0,2,6,0,0,0,2,2,8,11,7,4.0,72.73,0.0,0.0,0,0,0,0
DC,Sameer Rizvi,BAT,0,0,0,0,0,0.0,0.0,0,0,0,0,0,0,10,7,75,62,21,12.5,120.97,1.0,6.0,3,0,0,0
DC,Jake Fraser-McGurk,BAT,7,7,113,79,50,16.14,143.04,0,16,3,1,0,0,13,13,376,186,84,28.92,202.16,0.0,37.0,30,4,0,0
DC,Ajay Mandal,ALL,0,0,0,0,0,0.0,0.0,0,0,0,0,0,0,0,0,0,0,0,0.0,0.0,0.0,0.0,0,0,0,0
DC,Darshan Nalkande,BOWL,0,0,0,0,0,0.0,0.0,0,0,0,0,0,0,6,2,12,12,12,6.0,100.0,0.0,0.0,1,0,0,0
DC,T Natarajan,BOWL,4,0,0,0,0,0.0,0.0,0,0,0,0,0,0,61,4,3,5,3,0.0,60.0,4.0,0.0,0,0,0,0
DC,Mukesh Kumar,BOWL,17,4,5,5,4,5.0,100.0,3,1,0,0,0,0,24,5,10,18,6,10.0,55.56,4.0,0.0,0,0,0,0
DC,Kuldeep Yadav,BOWL,40,7,46,59,23,11.5,77.97,3,2,0,0,0,0,88,34,188,221,35,14.46,85.07,21.0,17.0,3,0,0,0
DC,Mohit Sharma,BOWL,8,2,3,7,3,0.0,42.86,2,0,0,0,0,0,116,32,125,135,21,7.35,92.6,15.0,8.0,4,0,0,0
DC,Lokesh Rahul,WK,72,68,2265,1628,110,37.75,139.13,8,191,99,22,2,0,135,126,4868,3588,132,46.36,135.68,21.0,415.0,197,39,4,0
DC,Axar Patel,ALL,71,44,535,384,65,18.45,139.33,15,41,23,1,0,0,154,116,1711,1299,66,21.39,131.72,36.0,114.0,81,3,0,0
DC,Dushmantha Chameera,BOWL,55,28,101,113,24,6.73,89.39,13,9,1,0,0,0,13,8,43,28,17,10.75,153.58,4.0,3.0,3,0,0,0
DC,Karun Nair,BAT,0,0,0,0,0,0.0,0.0,0,0,0,0,0,0,76,68,1496,1171,83,23.75,127.76,5.0,161.0,39,10,0,0
DC,Faf du Plessis,BAT,50,50,1528,1137,119,35.53,134.39,7,140,50,10,1,0,148,141,4652,3404,96,35.78,136.67,11.0,427.0,171,38,0,0
DC,Mitchell Starc,BOWL,65,21,98,100,14,9.8,98.0,11,4,2,0,0,0,44,18,107,114,29,10.7,93.86,8.0,11.0,0,0,0,0
GT,Gurnoor Brar Singh,BOWL,0,0,0,0,0,0.0,0.0,0,0,0,0,0,0,1,0,0,0,0,0.0,0.0,0.0,0.0,0,0,0,0
GT,Nishant Sindhu,ALL,0,0,0,0,0,0.0,0.0,0,0,0,0,0,0,0,0,0,0,0,0.0,0.0,0.0,0.0,0,0,0,0
GT,Arshad Khan,ALL,0,0,0,0,0,0.0,0.0,0,0,0,0,0,0,13,9,102,70,58,25.5,145.72,5.0,6.0,6,1,0,0
GT,Sai Sudharsan,BAT,1,0,0,0,0,0.0,0.0,0,0,0,0,0,0,30,30,1307,923,103,48.41,141.61,3.0,119.0,43,9,1,0
GT,Kumar Kushagra,WK,0,0,0,0,0,0.0,0.0,0,0,0,0,0,0,4,3,3,7,2,1.0,42.86,0.0,0.0,0,0,0,0
GT,Manav Suthar,ALL,0,0,0,0,0,0.0,0.0,0,0,0,0,0,0,1,1,1,2,1,1.0,50.0,0.0,0.0,0,0,0,0
GT,Sherfane Rutherford,BAT,28,23,428,299,68,25.18,143.15,6,26,29,2,0,0,15,14,242,180,46,24.2,134.45,4.0,14.0,18,0,0,0
GT,Gerald Coetzee,BOWL,10,9,81,60,23,11.57,135.0,2,4,6,0,0,0,10,5,14,22,8,3.5,63.64,1.0,0.0,1,0,0,0
GT,Anuj Rawat,WK,0,0,0,0,0,0.0,0.0,0,0,0,0,0,0,24,21,318,267,66,19.88,119.11,5.0,26.0,14,1,0,0
GT,Kulwant Khejroliya,BOWL,0,0,0,0,0,0.0,0.0,0,0,0,0,0,0,8,0,0,0,0,0.0,0.0,0.0,0.0,0,0,0,0
GT,Shubman Gill,BAT,21,21,578,415,126,30.42,139.28,2,60,22,3,1,0,108,105,3364,2471,129,37.8,136.14,16.0,326.0,100,21,4,0
GT,Ravisrinivasan Sai Kishore,BOWL,3,0,0,0,0,0.0,0.0,0,0,0,0,0,0,15,3,14,7,13,7.0,200.0,1.0,0.0,2,0,0,0
GT,Mahipal Lomror,BAT,0,0,0,0,0,0.0,0.0,0,0,0,0,0,0,40,35,527,373,54,18.17,141.29,6.0,33.0,30,1,0,0
GT,Karim Janat,ALL,67,48,691,596,56,17.72,115.94,9,49,28,4,0,0,0,0,0,0,0,0.0,0.0,0.0,0.0,0,0,0,0
GT,Washington Sundar,ALL,54,22,193,159,50,13.79,121.39,8,16,9,1,0,0,61,41,427,354,49,15.25,120.63,13.0,37.0,11,0,0,0
GT,Shahrukh Khan,ALL,0,0,0,0,0,0.0,0.0,0,0,0,0,0,0,45,41,604,419,58,20.13,144.16,11.0,39.0,41,1,0,0
GT,Mohammed Siraj,BOWL,16,5,14,16,7,7.0,87.5,3,1,0,0,0,0,98,25,109,119,14,10.9,91.6,15.0,10.0,4,0,0,0
GT,Glenn Phillips,BAT,83,74,1928,1372,108,31.1,140.53,12,138,91,10,2,0,8,8,65,55,25,9.29,118.19,1.0,3.0,6,0,0,0
GT,Rashid-Khan,BOWL,96,59,467,370,48,13.74,126.22,25,31,28,0,0,0,126,62,563,345,79,14.44,163.19,23.0,40.0,40,1,0,0
GT,Prasidh Krishna,BOWL,5,0,0,0,0,0.0,0.0,0,0,0,0,0,0,56,10,9,24,4,3.0,37.5,7.0,0.0,0,0,0,0
GT,Jayant Yadav,BOWL,0,0,0,0,0,0.0,0.0,0,0,0,0,0,0,20,5,40,36,23,10.0,111.12,1.0,2.0,1,0,0,0
GT,Rahul Tewatia,ALL,0,0,0,0,0,0.0,0.0,0,0,0,0,0,0,98,68,1043,766,53,24.83,136.17,26.0,86.0,50,1,0,0
GT,Kagiso Rabada,BOWL,65,24,156,141,22,17.33,110.64,15,14,5,0,0,0,82,32,213,198,44,12.53,107.58,15.0,16.0,9,0,0,0
GT,Jos Buttler,WK,134,123,3535,2411,101,35.35,146.62,23,322,152,26,1,0,112,111,3784,2552,124,38.61,148.28,13.0,374.0,170,21,7,0
GT,Ishant Sharma,BOWL,14,3,8,9,5,8.0,88.89,2,1,0,0,0,0,113,28,57,69,10,9.5,82.61,22.0,4.0,2,0,0,0
KKR,Harshit Rana,BOWL,1,0,0,0,0,0.0,0.0,0,0,0,0,0,0,25,6,21,26,10,5.25,80.77,2.0,3.0,0,0,0,0
KKR,Angkrish Raghuvanshi,BAT,0,0,0,0,0,0.0,0.0,0,0,0,0,0,0,15,12,296,196,54,26.91,151.03,1.0,29.0,12,2,0,0
KKR,Vaibhav Arora,BOWL,0,0,0,0,0,0.0,0.0,0,0,0,0,0,0,24,8,9,16,2,4.5,56.25,6.0,0.0,0,0,0,0
KKR,Luvnith Sisodia,WK,0,0,0,0,0,0.0,0.0,0,0,0,0,0,0,0,0,0,0,0,0.0,0.0,0.0,0.0,0,0,0,0
KKR,Mayank Markande,BOWL,1,0,0,0,0,0.0,0.0,0,0,0,0,0,0,37,11,48,42,18,16.0,114.29,8.0,5.0,1,0,0,0
KKR,Chetan Sakariya,BOWL,2,1,5,9,5,0.0,55.56,1,0,0,0,0,0,19,8,20,31,7,3.33,64.52,2.0,3.0,0,0,0,0
KKR,Rahmanullah Gurbaz,WK,66,66,1683,1252,100,25.5,134.43,0,128,95,10,1,0,13,13,289,216,81,22.23,133.8,0.0,24.0,19,2,0,0
KKR,Spencer Johnson,BOWL,8,1,0,1,0,0.0,0.0,0,0,0,0,0,0,9,5,8,11,5,0.0,72.73,5.0,1.0,0,0,0,0
KKR,Varun Chakravarthy,BOWL,18,3,1,6,1,0.5,16.67,1,0,0,0,0,0,75,12,25,46,10,6.25,54.35,8.0,2.0,0,0,0,0
KKR,Anrich Nortje,BOWL,42,12,17,35,4,2.83,48.58,6,1,0,0,0,0,46,15,49,49,23,8.17,100.0,9.0,6.0,0,0,0,0
KKR,Anukul Sudhakar Roy,ALL,0,0,0,0,0,0.0,0.0,0,0,0,0,0,0,10,6,26,24,13,8.67,108.34,3.0,3.0,0,0,0,0
KKR,Ramandeep Singh,ALL,2,1,15,6,15,15.0,250.0,0,1,1,0,0,0,24,16,199,125,35,24.88,159.2,8.0,9.0,15,0,0,0
KKR,Rovman Powell,BAT,91,79,1747,1245,107,25.69,140.33,11,99,117,8,1,0,26,22,360,244,67,18.95,147.55,3.0,21.0,28,1,0,0
KKR,Rinku Singh,BAT,33,24,546,339,69,42.0,161.07,11,45,31,3,0,0,50,44,992,679,67,32.0,146.1,13.0,79.0,50,4,0,0
KKR,Venkatesh Iyer,BAT,9,7,133,82,35,33.25,162.2,3,15,5,0,0,0,55,53,1440,1041,104,31.3,138.33,7.0,135.0,65,12,1,0
KKR,Moeen Ali,ALL,92,75,1229,863,72,21.19,142.42,17,88,68,7,0,0,69,58,1167,833,93,22.44,140.1,6.0,95.0,67,6,0,0
KKR,Quinton de Kock,WK,92,91,2584,1868,100,31.51,138.33,9,264,103,16,1,0,112,112,3275,2436,140,31.19,134.45,7.0,325.0,131,24,2,0
KKR,Andre Russell,ALL,83,72,1063,648,71,22.15,164.05,24,63,89,3,0,0,131,109,2501,1440,88,28.1,173.69,20.0,172.0,210,11,0,0
KKR,Sunil Narine,ALL,51,23,155,138,30,10.33,112.32,8,13,5,0,0,0,180,114,1615,973,109,17.18,165.99,20.0,173.0,103,7,1,0
KKR,Manish Pandey,BAT,39,33,709,562,79,44.31,126.16,17,49,19,3,0,0,172,160,3869,3193,114,29.09,121.18,27.0,336.0,111,22,1,0
KKR,Ajinkya Rahane,BAT,20,20,375,331,61,20.83,113.3,2,32,6,1,0,0,190,176,4826,3876,105,30.35,124.51,17.0,495.0,115,32,2,0
KKR,Umran Malik,BOWL,8,2,5,2,4,0.0,250.0,2,1,0,0,0,0,26,6,23,16,19,11.5,143.75,4.0,1.0,2,0,0,0
LSG,Digvesh Singh,BOWL,0,0,0,0,0,0.0,0.0,0,0,0,0,0,0,5,1,0,0,0,0.0,0.0,1.0,0.0,0,0,0,0
LSG,Prince Yadav,BOWL,0,0,0,0,0,0.0,0.0,0,0,0,0,0,0,2,0,0,0,0,0.0,0.0,0.0,0.0,0,0,0,0
LSG,Shamar Joseph,BOWL,9,3,5,4,5,0.0,125.0,3,1,0,0,0,0,1,0,0,0,0,0.0,0.0,0.0,0.0,0,0,0,0
LSG,Mayank Yadav,BOWL,3,1,1,1,1,0.0,100.0,1,0,0,0,0,0,4,0,0,0,0,0.0,0.0,0.0,0.0,0,0,0,0
LSG,Arshin Kulkarni,ALL,0,0,0,0,0,0.0,0.0,0,0,0,0,0,0,2,2,9,8,9,4.5,112.5,0.0,2.0,0,0,0,0
LSG,Akash Deep,BOWL,0,0,0,0,0,0.0,0.0,0,0,0,0,0,0,10,4,19,13,17,6.33,146.16,1.0,2.0,1,0,0,0
LSG,Akash Singh,BOWL,0,0,0,0,0,0.0,0.0,0,0,0,0,0,0,7,0,0,0,0,0.0,0.0,0.0,0.0,0,0,0,0
LSG,Yuvraj Chaudhary,ALL,0,0,0,0,0,0.0,0.0,0,0,0,0,0,0,0,0,0,0,0,0.0,0.0,0.0,0.0,0,0,0,0
LSG,Ravi Bishnoi,BOWL,42,13,55,42,9,7.86,130.96,6,8,1,0,0,0,71,16,32,52,6,3.56,61.54,7.0,2.0,0,0,0,0
LSG,Abdul Samad,BAT,0,0,0,0,0,0.0,0.0,0,0,0,0,0,0,54,44,636,421,37,19.27,151.07,11.0,43.0,40,0,0,0
LSG,Shahbaz Ahmed,ALL,2,0,0,0,0,0.0,0.0,0,0,0,0,0,0,56,38,545,448,59,18.79,121.66,9.0,29.0,25,1,0,0
LSG,Rajvardhan Hangargekar,BOWL,0,0,0,0,0,0.0,0.0,0,0,0,0,0,0,2,0,0,0,0,0.0,0.0,0.0,0.0,0,0,0,0
LSG,Ayush Badoni,BAT,0,0,0,0,0,0.0,0.0,0,0,0,0,0,0,47,39,715,536,59,23.83,133.4,9.0,52.0,27,4,0,0
LSG,Aryan Juyal,WK,0,0,0,0,0,0.0,0.0,0,0,0,0,0,0,0,0,0,0,0,0.0,0.0,0.0,0.0,0,0,0,0
LSG,Mohsin Khan,BOWL,0,0,0,0,0,0.0,0.0,0,0,0,0,0,0,24,5,25,24,13,8.33,104.17,2.0,2.0,1,0,0,0
LSG,Matthew Breetzke,BAT,10,10,151,123,51,16.78,122.77,1,13,6,1,0,0,0,0,0,0,0,0.0,0.0,0.0,0.0,0,0,0,0
LSG,Manimaran Siddharth,BOWL,0,0,0,0,0,0.0,0.0,0,0,0,0,0,0,5,0,0,0,0,0.0,0.0,0.0,0.0,0,0,0,0
LSG,Rishabh Pant,WK,76,66,1209,949,65,23.25,127.4,14,111,44,3,0,0,116,114,3303,2237,128,34.05,147.66,17.0,296.0,155,18,1,0
LSG,Himmat Singh,BAT,0,0,0,0,0,0.0,0.0,0,0,0,0,0,0,0,0,0,0,0,0.0,0.0,0.0,0.0,0,0,0,0
LSG,Aiden Markram,ALL,57,53,1367,950,70,30.38,143.9,8,123,56,9,0,0,49,47,1139,868,68,29.97,131.23,9.0,84.0,43,6,0,0
LSG,Avesh Khan,BOWL,25,5,27,20,16,13.5,135.0,3,3,1,0,0,0,66,12,43,26,12,21.5,165.39,10.0,3.0,3,0,0,0
LSG,Nicholas Pooran,WK,106,97,2275,1668,98,26.15,136.4,10,152,149,13,0,0,81,78,2057,1218,87,34.86,168.89,19.0,137.0,151,12,0,0
LSG,David Miller,BAT,130,114,2593,1842,106,33.24,140.78,36,168,130,8,2,0,135,129,3014,2162,101,36.31,139.41,46.0,216.0,137,13,1,0
LSG,Mitchell Marsh,BAT,65,62,1629,1203,92,31.94,135.42,11,139,76,9,0,0,47,41,930,668,89,23.85,139.23,2.0,76.0,53,7,0,0
MI,Bevon Jacobs,BAT,0,0,0,0,0,0.0,0.0,0,0,0,0,0,0,0,0,0,0,0,0.0,0.0,0.0,0.0,0,0,0,0
MI,Naman Dhir,ALL,0,0,0,0,0,0.0,0.0,0,0,0,0,0,0,12,11,232,132,62,25.78,175.76,2.0,21.0,14,1,0,0
MI,Robin Minz,WK,0,0,0,0,0,0.0,0.0,0,0,0,0,0,0,2,2,6,15,3,3.0,40.0,0.0,0.0,0,0,0,0
MI,Raj Angad Bawa,BAT,0,0,0,0,0,0.0,0.0,0,0,0,0,0,0,3,2,11,14,11,5.5,78.58,0.0,1.0,0,0,0,0
MI,Vignesh Puthur,BOWL,0,0,0,0,0,0.0,0.0,0,0,0,0,0,0,4,0,0,0,0,0.0,0.0,0.0,0.0,0,0,0,0
MI,Satyanarayana Raju,ALL,0,0,0,0,0,0.0,0.0,0,0,0,0,0,0,2,1,1,1,1,0.0,100.0,1.0,0.0,0,0,0,0
MI,Ashwani Kumar,BOWL,0,0,0,0,0,0.0,0.0,0,0,0,0,0,0,2,0,0,0,0,0.0,0.0,0.0,0.0,0,0,0,0
MI,Tilak Varma,BAT,25,24,749,483,120,49.93,155.08,9,61,43,3,2,0,43,42,1307,903,84,39.61,144.74,9.0,101.0,65,7,0,0
MI,KL Shrijith,WK,0,0,0,0,0,0.0,0.0,0,0,0,0,0,0,0,0,0,0,0,0.0,0.0,0.0,0.0,0,0,0,0
MI,Mujeeb-ur-Rahman,BOWL,49,14,54,44,21,9.0,122.73,8,6,3,0,0,0,20,7,12,15,10,4.0,80.0,4.0,2.0,0,0,0,0
MI,Ryan Rickelton,WK,13,13,263,195,76,20.23,134.88,0,18,16,1,0,0,5,5,108,72,62,27.0,150.0,1.0,14.0,5,1,0,0
MI,Arjun Tendulkar,BOWL,0,0,0,0,0,0.0,0.0,0,0,0,0,0,0,5,1,13,9,13,13.0,144.45,0.0,0.0,1,0,0,0
MI,Will Jacks,ALL,23,21,383,280,40,18.24,136.79,0,40,15,0,0,0,12,12,284,180,100,25.82,157.78,1.0,20.0,20,1,1,0
MI,Hardik Pandya,ALL,114,90,1812,1279,71,27.88,141.68,25,135,95,5,0,0,141,131,2606,1782,91,28.96,146.25,41.0,195.0,141,10,0,0
MI,Mitchell Santner,ALL,109,74,725,603,77,16.86,120.24,31,55,24,1,0,0,23,15,109,99,22,13.63,110.11,7.0,6.0,6,0,0,0
MI,Reece Topley,BOWL,35,10,17,20,9,8.5,85.0,8,1,0,0,0,0,5,1,3,6,3,0.0,50.0,1.0,0.0,0,0,0,0
MI,Corbin Bosch,ALL,0,0,0,0,0,0.0,0.0,0,0,0,0,0,0,0,0,0,0,0,0.0,0.0,0.0,0.0,0,0,0,0
MI,Jasprit Bumrah,BOWL,70,8,8,14,7,2.67,57.15,5,1,0,0,0,0,134,31,68,79,16,9.71,86.08,24.0,5.0,1,0,0,0
MI,Trent Boult,BOWL,61,15,58,64,16,8.29,90.63,8,3,2,0,0,0,108,29,85,81,17,9.44,104.94,20.0,5.0,3,0,0,0
MI,Suryakumar Yadav,BAT,83,79,2598,1555,117,38.21,167.08,11,237,146,21,4,0,155,140,3793,2605,103,32.7,145.61,24.0,405.0,138,25,2,0
MI,Deepak Chahar,BOWL,25,7,53,28,31,26.5,189.29,5,4,4,0,0,0,86,15,108,75,39,13.5,144.0,7.0,4.0,8,0,0,0
MI,Karn Sharma,BOWL,1,0,0,0,0,0.0,0.0,0,0,0,0,0,0,84,40,351,294,39,13.5,119.39,14.0,20.0,17,0,0,0
MI,Rohit Sharma,BAT,159,151,4231,3003,121,31.34,140.9,16,383,205,32,5,0,261,256,6666,5083,109,29.37,131.15,29.0,603.0,282,43,2,0
PBKS,Musheer Khan,ALL,0,0,0,0,0,0.0,0.0,0,0,0,0,0,0,0,0,0,0,0,0.0,0.0,0.0,0.0,0,0,0,0
PBKS,Harnoor Singh Pannu,BAT,0,0,0,0,0,0.0,0.0,0,0,0,0,0,0,0,0,0,0,0,0.0,0.0,0.0,0.0,0,0,0,0
PBKS,Pyla Avinash,BAT,0,0,0,0,0,0.0,0.0,0,0,0,0,0,0,0,0,0,0,0,0.0,0.0,0.0,0.0,0,0,0,0
PBKS,Suryansh Shedge,ALL,0,0,0,0,0,0.0,0.0,0,0,0,0,0,0,3,1,2,4,2,2.0,50.0,0.0,0.0,0,0,0,0
PBKS,Harpreet Brar,BOWL,0,0,0,0,0,0.0,0.0,0,0,0,0,0,0,41,24,233,190,29,21.18,122.64,13.0,19.0,9,0,0,0
PBKS,Priyansh Arya,BAT,0,0,0,0,0,0.0,0.0,0,0,0,0,0,0,4,4,158,75,103,39.5,210.67,0.0,15.0,11,0,1,0
PBKS,Kuldeep Sen,BOWL,0,0,0,0,0,0.0,0.0,0,0,0,0,0,0,12,1,0,3,0,0.0,0.0,1.0,0.0,0,0,0,0
PBKS,Marco Jansen,ALL,17,12,166,111,54,18.44,149.55,3,13,11,1,0,0,25,15,103,91,34,12.88,113.19,7.0,7.0,4,0,0,0
PBKS,Nehal Wadhera,BAT,0,0,0,0,0,0.0,0.0,0,0,0,0,0,0,23,19,464,323,64,27.29,143.66,2.0,39.0,26,3,0,0
PBKS,Prabhsimran Singh,WK,0,0,0,0,0,0.0,0.0,0,0,0,0,0,0,38,38,847,577,103,22.29,146.8,0.0,90.0,44,4,1,0
PBKS,Aaron Hardie,ALL,13,8,128,99,28,21.33,129.3,2,15,3,0,0,0,0,0,0,0,0,0.0,0.0,0.0,0.0,0,0,0,0
PBKS,Arshdeep Singh,BOWL,63,21,71,61,12,8.88,116.4,13,6,3,0,0,0,69,13,30,45,10,5.0,66.67,7.0,4.0,0,0,0,0
PBKS,Azmatullah Omarzai,ALL,47,37,474,427,34,14.36,111.01,4,30,18,0,0,0,8,5,58,48,17,11.6,120.84,0.0,4.0,3,0,0,0
PBKS,Vishnu Vinod,WK,0,0,0,0,0,0.0,0.0,0,0,0,0,0,0,6,6,56,57,30,9.33,98.25,0.0,3.0,3,0,0,0
PBKS,Xavier Bartlett,BOWL,7,2,5,10,5,2.5,50.0,0,1,0,0,0,0,0,0,0,0,0,0.0,0.0,0.0,0.0,0,0,0,0
PBKS,Shashank Singh,BAT,0,0,0,0,0,0.0,0.0,0,0,0,0,0,0,28,22,529,327,68,44.08,161.78,10.0,41.0,30,3,0,0
PBKS,Lockie Ferguson,BOWL,43,15,29,36,14,3.63,80.56,7,0,2,0,0,0,48,11,72,47,24,24.0,153.2,8.0,7.0,2,0,0,0
PBKS,Josh Inglis,WK,29,28,706,450,110,30.7,156.89,5,67,28,0,2,0,0,0,0,0,0,0.0,0.0,0.0,0.0,0,0,0,0
PBKS,Vyshak Vijaykumar,BOWL,0,0,0,0,0,0.0,0.0,0,0,0,0,0,0,12,4,14,12,13,7.0,116.67,2.0,0.0,1,0,0,0
PBKS,Pravin Dubey,BOWL,0,0,0,0,0,0.0,0.0,0,0,0,0,0,0,4,2,23,33,16,23.0,69.7,1.0,2.0,0,0,0,0
PBKS,Yash Thakur,BOWL,0,0,0,0,0,0.0,0.0,0,0,0,0,0,0,20,0,0,0,0,0.0,0.0,0.0,0.0,0,0,0,0
PBKS,Shreyas Iyer,BAT,51,47,1104,811,74,30.67,136.13,11,90,44,8,0,0,119,119,3295,2537,97,33.28,129.88,20.0,281.0,127,23,0,0
PBKS,Marcus Stoinis,ALL,74,61,1245,838,78,31.92,148.57,22,99,63,5,0,0,100,91,1891,1343,124,27.41,140.81,22.0,151.0,93,9,1,0
PBKS,Yuzvendra Chahal,BOWL,80,6,6,13,3,3.0,46.16,4,0,0,0,0,0,164,20,37,86,8,5.29,43.03,13.0,0.0,0,0,0,0
PBKS,Glenn Maxwell,ALL,116,106,2664,1719,145,29.93,154.98,17,224,137,11,5,0,138,132,2802,1792,95,24.37,156.37,17.0,235.0,161,18,0,0
RCB,Abhinandan Singh,BOWL,0,0,0,0,0,0.0,0.0,0,0,0,0,0,0,0,0,0,0,0,0.0,0.0,0.0,0.0,0,0,0,0
RCB,Swastik Chikara,BAT,0,0,0,0,0,0.0,0.0,0,0,0,0,0,0,0,0,0,0,0,0.0,0.0,0.0,0.0,0,0,0,0
RCB,Mohit Rathee,ALL,0,0,0,0,0,0.0,0.0,0,0,0,0,0,0,1,1,1,2,1,0.0,50.0,1.0,0.0,0,0,0,0
RCB,Suyash Sharma,BOWL,0,0,0,0,0,0.0,0.0,0,0,0,0,0,0,17,0,0,0,0,0.0,0.0,0.0,0.0,0,0,0,0
RCB,Jacob Bethell,BAT,10,9,196,133,62,32.67,147.37,3,14,11,2,0,0,0,0,0,0,0,0.0,0.0,0.0,0.0,0,0,0,0
RCB,Rasikh Salam,BOWL,0,0,0,0,0,0.0,0.0,0,0,0,0,0,0,13,6,40,40,10,8.0,100.0,1.0,5.0,0,0,0,0
RCB,Yash Dayal,BOWL,0,0,0,0,0,0.0,0.0,0,0,0,0,0,0,33,1,0,1,0,0.0,0.0,0.0,0.0,0,0,0,0
RCB,Manoj Bhandage,ALL,0,0,0,0,0,0.0,0.0,0,0,0,0,0,0,0,0,0,0,0,0.0,0.0,0.0,0.0,0,0,0,0
RCB,Nuwan Thushara,BOWL,18,7,9,17,6,4.5,52.95,5,1,0,0,0,0,7,0,0,0,0,0.0,0.0,0.0,0.0,0,0,0,0
RCB,Romario Shepherd,ALL,53,34,537,386,44,26.85,139.12,14,25,39,0,0,0,10,9,115,63,39,23.0,182.54,4.0,7.0,10,0,0,0
RCB,Tim David,BAT,54,48,1201,745,92,33.36,161.21,12,101,65,6,0,0,43,39,751,434,46,31.29,173.05,15.0,44.0,55,0,0,0
RCB,Devdutt Padikkal,BAT,2,2,38,38,29,19.0,100.0,0,2,1,0,0,0,69,69,1638,1323,101,24.45,123.81,2.0,175.0,47,9,1,0
RCB,Krunal Pandya,ALL,19,10,124,95,26,24.8,130.53,5,8,6,0,0,0,132,114,1670,1266,86,21.41,131.92,36.0,146.0,61,1,0,0
RCB,Rajat Patidar,BAT,0,0,0,0,0,0.0,0.0,0,0,0,0,0,0,32,29,985,618,112,35.18,159.39,1.0,68.0,63,9,1,0
RCB,Jitesh Sharma,WK,9,7,100,68,35,14.29,147.06,0,11,4,0,0,0,45,40,818,540,49,23.37,151.49,5.0,61.0,51,0,0,0
RCB,Lungi Ngidi,BOWL,43,13,41,52,13,8.2,78.85,8,4,0,0,0,0,14,0,0,0,0,0.0,0.0,0.0,0.0,0,0,0,0
RCB,Philip Salt,WK,43,40,1193,726,119,34.09,164.33,5,116,61,5,3,0,26,26,796,451,89,33.17,176.5,2.0,94.0,41,7,0,0
RCB,Liam Livingstone,ALL,60,47,955,641,103,25.13,148.99,9,54,59,2,1,0,44,44,1022,640,94,27.62,159.69,7.0,69.0,73,7,0,0
RCB,Josh Hazlewood,BOWL,52,10,29,27,13,9.67,107.41,7,2,1,0,0,0,32,6,19,28,7,0.0,67.86,6.0,1.0,0,0,0,0
RCB,Bhuvneshwar Kumar,BOWL,87,21,67,94,16,8.38,71.28,13,0,0,0,0,0,180,71,308,334,27,8.8,92.22,36.0,30.0,3,0,0,0
RCB,Swapnil Singh,ALL,0,0,0,0,0,0.0,0.0,0,0,0,0,0,0,14,9,51,45,15,10.2,113.34,4.0,3.0,3,0,0,0
RCB,Virat Kohli,BAT,125,117,4188,3056,122,48.7,137.05,31,369,124,38,1,0,257,249,8190,6193,113,38.82,132.25,38.0,721.0,280,57,8,0
RR,Vaibhav Suryavanshi,BAT,0,0,0,0,0,0.0,0.0,0,0,0,0,0,0,0,0,0,0,0,0.0,0.0,0.0,0.0,0,0,0,0
RR,Ashok Sharma,BOWL,0,0,0,0,0,0.0,0.0,0,0,0,0,0,0,0,0,0,0,0,0.0,0.0,0.0,0.0,0,0,0,0
RR,Kwena Maphaka,BOWL,5,3,16,19,12,0.0,84.22,3,2,0,0,0,0,2,0,0,0,0,0.0,0.0,0.0,0.0,0,0,0,0
RR,Kunal Singh Rathore,WK,0,0,0,0,0,0.0,0.0,0,0,0,0,0,0,0,0,0,0,0,0.0,0.0,0.0,0.0,0,0,0,0
RR,Akash Madhwal,BOWL,0,0,0,0,0,0.0,0.0,0,0,0,0,0,0,13,1,4,5,4,0.0,80.0,1.0,0.0,0,0,0,0
RR,Shubham Dubey,BAT,0,0,0,0,0,0.0,0.0,0,0,0,0,0,0,7,6,77,45,34,19.25,171.12,2.0,5.0,6,0,0,0
RR,Yudhvir Singh Charak,ALL,0,0,0,0,0,0.0,0.0,0,0,0,0,0,0,6,4,22,16,14,5.5,137.5,0.0,1.0,2,0,0,0
RR,Maheesh Theekshana,BOWL,60,26,66,103,14,3.88,64.08,9,4,2,0,0,0,32,5,15,25,7,7.5,60.0,3.0,0.0,1,0,0,0
RR,Dhruv Jurel,WK,4,3,12,23,6,4.0,52.18,0,1,0,0,0,0,32,27,471,308,70,24.79,152.93,8.0,41.0,23,3,0,0
RR,Kumar Kartikeya,BOWL,0,0,0,0,0,0.0,0.0,0,0,0,0,0,0,14,3,10,13,6,3.33,76.93,0.0,1.0,0,0,0,0
RR,Yashasvi Jaiswal,BAT,23,22,723,440,100,36.15,164.32,2,82,38,5,1,0,57,57,1714,1151,124,31.16,148.92,2.0,205.0,71,10,2,0
RR,FazalHaq Farooqi,BOWL,43,12,12,19,4,4.0,63.16,9,1,0,0,0,0,9,2,3,13,2,0.0,23.08,2.0,0.0,0,0,0,0
RR,Riyan Parag,ALL,9,6,106,70,34,17.67,151.43,0,3,9,0,0,0,74,63,1308,952,84,25.15,137.4,11.0,91.0,71,6,0,0
RR,Tushar Deshpande,BOWL,2,0,0,0,0,0.0,0.0,0,0,0,0,0,0,40,7,27,20,20,13.5,135.0,5.0,2.0,1,0,0,0
RR,Jofra Archer,BOWL,34,12,82,62,21,11.71,132.26,5,6,4,0,0,0,45,29,220,142,27,13.75,154.93,13.0,11.0,16,0,0,0
RR,Wanindu Hasaranga,ALL,79,67,712,552,71,13.43,128.99,14,71,16,2,0,0,29,16,80,82,18,6.67,97.57,4.0,7.0,1,0,0,0
RR,Nitish Rana,ALL,2,2,15,27,9,7.5,55.56,0,0,0,0,0,0,112,106,2749,2015,87,28.05,136.43,8.0,248.0,137,19,0,0
RR,Shimron Hetmyer,BAT,62,52,942,795,81,20.04,118.5,5,63,47,5,0,0,77,71,1383,903,75,30.73,153.16,26.0,85.0,91,5,0,0
RR,Sandeep Sharma,BOWL,2,1,1,1,1,0.0,100.0,1,0,0,0,0,0,131,28,60,75,9,10.0,80.0,22.0,4.0,0,0,0,0
RR,Sanju Samson,WK,42,38,861,565,111,25.32,152.39,4,71,49,2,3,0,172,168,4597,3298,119,30.85,139.39,19.0,372.0,213,26,3,0
SRH,Aniket Verma,BAT,0,0,0,0,0,0.0,0.0,0,0,0,0,0,0,5,5,141,77,74,28.2,183.12,0.0,8.0,12,1,0,0
SRH,Eshan Malinga,BOWL,0,0,0,0,0,0.0,0.0,0,0,0,0,0,0,0,0,0,0,0,0.0,0.0,0.0,0.0,0,0,0,0
SRH,K Nitish Reddy,ALL,4,3,90,50,74,45.0,180.0,1,4,8,1,0,0,20,16,415,306,76,29.64,135.63,2.0,26.0,23,2,0,0
SRH,Abhinav Manohar,BAT,0,0,0,0,0,0.0,0.0,0,0,0,0,0,0,22,18,237,187,43,13.94,126.74,1.0,21.0,10,0,0,0
SRH,Atharva Taide,BAT,0,0,0,0,0,0.0,0.0,0,0,0,0,0,0,9,9,247,168,66,27.44,147.03,0.0,27.0,8,2,0,0
SRH,Simarjeet- Singh,BOWL,0,0,0,0,0,0.0,0.0,0,0,0,0,0,0,14,6,10,15,3,3.33,66.67,3.0,0.0,0,0,0,0
SRH,Rahul Chahar,BOWL,6,1,5,5,5,5.0,100.0,0,1,0,0,0,0,78,24,129,124,25,8.06,104.04,8.0,13.0,5,0,0,0
SRH,Abhishek Sharma,ALL,17,16,535,276,135,33.44,193.85,0,46,41,2,2,0,68,66,1427,927,75,24.19,153.94,7.0,138.0,73,7,0,0
SRH,Kamindu Mendis,BAT,23,21,381,311,65,19.05,122.51,1,39,13,2,0,0,2,2,28,25,27,14.0,112.0,0.0,1.0,2,0,0,0
SRH,Wiaan Mulder,ALL,11,8,105,90,36,17.5,116.67,2,8,3,0,0,0,1,1,9,11,9,9.0,81.82,0.0,1.0,0,0,0,0
SRH,Zeeshan Ansari,BOWL,0,0,0,0,0,0.0,0.0,0,0,0,0,0,0,3,0,0,0,0,0.0,0.0,0.0,0.0,0,0,0,0
SRH,Ishan Kishan,WK,32,32,796,640,89,25.68,124.38,1,79,36,6,0,0,110,104,2771,2018,106,28.57,137.32,7.0,268.0,125,16,1,0
SRH,Heinrich Klaasen,WK,58,53,1000,705,81,23.26,141.85,10,72,52,5,0,0,40,37,1145,680,104,36.94,168.39,6.0,69.0,71,6,1,0
SRH,Sachin Baby,BAT,0,0,0,0,0,0.0,0.0,0,0,0,0,0,0,19,11,144,118,33,16.0,122.04,2.0,11.0,5,0,0,0
SRH,Travis Head,BAT,38,37,1093,681,91,33.12,160.5,4,114,53,5,0,0,30,30,920,522,102,35.38,176.25,4.0,97.0,46,6,1,0
SRH,Adam Zampa,BOWL,95,22,68,76,13,5.67,89.48,10,7,0,0,0,0,22,5,15,24,7,3.0,62.5,0.0,1.0,0,0,0,0
SRH,Harshal Patel,BOWL,25,10,77,57,18,12.83,135.09,4,9,3,0,0,0,110,45,269,228,36,9.28,117.99,16.0,16.0,15,0,0,0
SRH,Pat Cummins,BOWL,57,27,158,133,28,10.53,118.8,12,11,7,0,0,0,63,46,571,380,66,19.69,150.27,17.0,38.0,38,3,0,0
SRH,Mohammed Shami,BOWL,25,5,7,10,7,3.5,70.0,3,0,1,0,0,0,115,29,84,89,21,6.0,94.39,15.0,7.0,2,0,0,0
SRH,Jaydev Unadkat,BOWL,10,0,0,0,0,0.0,0.0,0,0,0,0,0,0,106,32,197,166,26,12.31,118.68,16.0,16.0,7,0,0,0