bowler,team,runs_conceded,balls,wickets,extras,match_id,overs,economy,average
A Ashish Reddy,Deccan Chargers,238,169,11,9,9,28.2,8.439716312056738,21.636363636363637
A Ashish Reddy,Sunrisers Hyderabad,162,101,8,5,11,16.8,9.642857142857142,20.25
A Badoni,Lucknow Super Giants,37,25,2,1,5,4.2,8.809523809523808,18.5
A Chandila,Rajasthan Royals,245,234,11,3,12,39.0,6.282051282051282,22.272727272727273
A Choudhary,Royal Challengers Bangalore,144,108,5,7,5,18.0,8.0,28.8
A Dananjaya,Mumbai Indians,47,25,0,1,1,4.2,11.19047619047619,47.0
A Flintoff,Chennai Super Kings,106,66,2,1,3,11.0,9.636363636363637,53.0
A Kamboj,Mumbai Indians,115,68,2,9,3,11.3,10.176991150442477,57.5
A Kumble,Royal Challengers Bangalore,1089,983,49,62,42,163.8,6.648351648351648,22.224489795918366
A Mishra,Deccan Chargers,750,613,32,27,28,102.2,7.3385518590998045,23.4375
A Mishra,Delhi Capitals,452,388,20,5,18,64.7,6.986089644513137,22.6
A Mishra,Delhi Daredevils,2083,1710,91,81,81,285.0,7.3087719298245615,22.89010989010989
A Mishra,Lucknow Super Giants,171,127,8,3,8,21.2,8.066037735849056,21.375
A Mishra,Sunrisers Hyderabad,737,606,32,12,27,101.0,7.297029702970297,23.03125
A Mithun,Royal Challengers Bangalore,477,312,8,29,16,52.0,9.173076923076923,59.625
A Nehra,Chennai Super Kings,596,478,33,21,20,79.7,7.478042659974905,18.060606060606062
A Nehra,Delhi Daredevils,775,632,41,47,27,105.3,7.359924026590694,18.902439024390244
A Nehra,Mumbai Indians,357,280,14,21,14,46.7,7.644539614561027,25.5
A Nehra,Pune Warriors,411,291,12,12,13,48.5,8.474226804123711,34.25
A Nehra,Sunrisers Hyderabad,398,293,21,14,14,48.8,8.155737704918034,18.952380952380953
A Nel,Mumbai Indians,31,18,1,0,1,3.0,10.333333333333334,31.0
A Nortje,Delhi Capitals,1614,1097,62,91,46,182.8,8.829321663019693,26.032258064516128
A Singh,Rajasthan Royals,639,486,31,36,23,81.0,7.888888888888889,20.612903225806452
A Symonds,Deccan Chargers,653,516,22,38,27,86.0,7.593023255813954,29.681818181818183
A Symonds,Mumbai Indians,41,24,1,0,3,4.0,10.25,41.0
A Uniyal,Rajasthan Royals,67,38,3,3,2,6.3,10.634920634920634,22.333333333333332
A Zampa,Rajasthan Royals,189,133,9,3,6,22.2,8.513513513513514,21.0
A Zampa,Rising Pune Supergiant,164,122,7,4,6,20.3,8.078817733990148,23.428571428571427
A Zampa,Rising Pune Supergiants,117,103,12,7,5,17.2,6.802325581395349,9.75
A Zampa,Royal Challengers Bangalore,92,67,2,1,3,11.2,8.214285714285715,46.0
A Zampa,Sunrisers Hyderabad,48,25,1,1,1,4.2,11.428571428571429,48.0
AA Chavan,Rajasthan Royals,339,255,8,21,13,42.5,7.976470588235294,42.375
AA Jhunjhunwala,Deccan Chargers,39,36,1,1,3,6.0,6.5,39.0
AA Jhunjhunwala,Pune Warriors,22,13,0,1,2,2.2,10.0,22.0
AA Jhunjhunwala,Rajasthan Royals,69,39,0,2,5,6.5,10.615384615384615,69.0
AA Kazi,Royal Challengers Bangalore,21,13,1,1,1,2.2,9.545454545454545,21.0
AA Noffke,Royal Challengers Bangalore,41,25,1,6,1,4.2,9.761904761904761,41.0
AB Agarkar,Delhi Daredevils,463,317,13,15,15,52.8,8.768939393939394,35.61538461538461
AB Agarkar,Kolkata Knight Riders,711,503,20,47,27,83.8,8.484486873508354,35.55
AB Dinda,Delhi Daredevils,159,107,5,16,5,17.8,8.932584269662922,31.8
AB Dinda,Kolkata Knight Riders,616,539,29,37,27,89.8,6.859688195991091,21.24137931034483
AB Dinda,Pune Warriors,637,458,28,24,20,76.3,8.34862385321101,22.75
AB Dinda,Rising Pune Supergiant,121,65,2,7,3,10.8,11.203703703703702,60.5
AB Dinda,Rising Pune Supergiants,236,192,13,14,9,32.0,7.375,18.153846153846153
AB Dinda,Royal Challengers Bangalore,334,228,5,18,11,38.0,8.789473684210526,66.8
AB McDonald,Delhi Daredevils,183,115,8,1,6,19.2,9.53125,22.875
AB McDonald,Royal Challengers Bangalore,80,73,6,3,4,12.2,6.557377049180328,13.333333333333334
AC Gilchrist,Kings XI Punjab,0,1,1,0,1,0.2,0.0,0.0
AC Thomas,Pune Warriors,416,327,16,22,15,54.5,7.63302752293578,26.0
AC Voges,Rajasthan Royals,76,56,1,2,7,9.3,8.172043010752688,76.0
AD Mascarenhas,Kings XI Punjab,135,121,7,6,5,20.2,6.683168316831684,19.285714285714285
AD Mascarenhas,Rajasthan Royals,230,189,12,6,8,31.5,7.301587301587301,19.166666666666668
AD Mathews,Delhi Daredevils,306,216,7,10,12,36.0,8.5,43.714285714285715
AD Mathews,Kolkata Knight Riders,349,245,8,10,13,40.8,8.553921568627452,43.625
AD Mathews,Pune Warriors,440,346,13,21,19,57.7,7.625649913344887,33.84615384615385
AD Russell,Delhi Daredevils,230,142,1,5,7,23.7,9.70464135021097,230.0
AD Russell,Kolkata Knight Riders,2461,1629,124,125,105,271.5,9.064456721915285,19.846774193548388
AF Milne,Chennai Super Kings,19,15,0,0,1,2.5,7.6,19.0
AF Milne,Mumbai Indians,135,87,4,7,4,14.5,9.310344827586206,33.75
AF Milne,Royal Challengers Bangalore,185,115,5,19,5,19.2,9.635416666666668,37.0
AG Murtaza,Mumbai Indians,215,195,9,14,8,32.5,6.615384615384615,23.88888888888889
AG Murtaza,Pune Warriors,107,74,3,4,4,12.3,8.699186991869919,35.666666666666664
AJ Finch,Delhi Daredevils,13,13,0,1,1,2.2,5.909090909090908,13.0
AJ Finch,Pune Warriors,49,24,1,0,3,4.0,12.25,49.0
AJ Finch,Rajasthan Royals,5,7,0,0,1,1.2,4.166666666666667,5.0
AJ Hosein,Sunrisers Hyderabad,41,24,1,1,1,4.0,10.25,41.0
AJ Tye,Gujarat Lions,146,128,12,7,6,21.3,6.854460093896713,12.166666666666666
AJ Tye,Kings XI Punjab,692,490,31,33,20,81.7,8.470012239902081,22.322580645161292
AJ Tye,Lucknow Super Giants,113,69,3,9,3,11.5,9.826086956521738,37.666666666666664
AJ Tye,Rajasthan Royals,54,27,2,7,1,4.5,12.0,27.0
AK Markram,Punjab Kings,23,25,0,1,2,4.2,5.476190476190476,23.0
AK Markram,Sunrisers Hyderabad,150,98,2,2,12,16.3,9.202453987730062,75.0
AL Menaria,Rajasthan Royals,144,113,3,4,12,18.8,7.659574468085106,48.0
AM Nayar,Kings XI Punjab,111,69,2,2,7,11.5,9.652173913043478,55.5
AM Nayar,Mumbai Indians,153,120,5,7,9,20.0,7.65,30.6
AM Nayar,Pune Warriors,59,50,2,3,3,8.3,7.108433734939759,29.5
AM Rahane,Mumbai Indians,5,6,1,0,1,1.0,5.0,5.0
AM Salvi,Delhi Daredevils,205,156,7,15,7,26.0,7.884615384615385,29.285714285714285
AN Ahmed,Mumbai Indians,266,197,10,29,10,32.8,8.109756097560977,26.6
AN Ahmed,Royal Challengers Bangalore,249,165,5,19,7,27.5,9.054545454545455,49.8
AP Dole,Rajasthan Royals,114,73,5,9,3,12.2,9.344262295081968,22.8
AR Patel,Delhi Capitals,2019,1714,67,41,81,285.7,7.066853342667134,30.134328358208954
AR Patel,Kings XI Punjab,1805,1438,64,76,67,239.7,7.530246141009596,28.203125
AS Joseph,Gujarat Titans,495,335,15,18,16,55.8,8.870967741935484,33.0
AS Joseph,Mumbai Indians,89,55,6,5,3,9.2,9.673913043478262,14.833333333333334
AS Joseph,Royal Challengers Bengaluru,123,64,1,15,3,10.7,11.495327102803738,123.0
AS Rajpoot,Chennai Super Kings,37,25,1,3,2,4.2,8.809523809523808,37.0
AS Rajpoot,Kings XI Punjab,387,268,14,27,12,44.7,8.657718120805368,27.642857142857142
AS Rajpoot,Kolkata Knight Riders,214,159,7,22,9,26.5,8.075471698113208,30.571428571428573
AS Rajpoot,Rajasthan Royals,206,115,2,20,6,19.2,10.729166666666668,103.0
AS Raut,Rajasthan Royals,45,30,0,1,5,5.0,9.0,45.0
AS Roy,Kolkata Knight Riders,180,127,5,3,8,21.2,8.49056603773585,36.0
AS Roy,Mumbai Indians,11,15,1,3,1,2.5,4.4,11.0
AU Rashid,Punjab Kings,35,18,0,0,1,3.0,11.666666666666666,35.0
AU Rashid,Sunrisers Hyderabad,56,42,2,0,2,7.0,8.0,28.0
AUK Pathan,Royal Challengers Bangalore,63,41,0,6,3,6.8,9.264705882352942,63.0
Abdul Samad,Sunrisers Hyderabad,113,55,2,5,5,9.2,12.282608695652176,56.5
Abdur Razzak,Royal Challengers Bangalore,29,14,0,6,1,2.3,12.608695652173914,29.0
Abhishek Sharma,Sunrisers Hyderabad,413,290,11,16,27,48.3,8.55072463768116,37.54545454545455
Akash Deep,Royal Challengers Bangalore,269,152,7,14,7,25.3,10.632411067193676,38.42857142857143
Akash Deep,Royal Challengers Bengaluru,55,23,1,2,1,3.8,14.473684210526317,55.0
Akash Madhwal,Mumbai Indians,431,279,22,24,13,46.5,9.268817204301076,19.59090909090909
Akash Singh,Chennai Super Kings,188,117,5,3,6,19.5,9.64102564102564,37.6
Akash Singh,Rajasthan Royals,39,24,0,0,1,4.0,9.75,39.0
Aman Hakim Khan,Kolkata Knight Riders,13,6,0,0,1,1.0,13.0,13.0
Anand Rajan,Deccan Chargers,163,111,8,14,6,18.5,8.81081081081081,20.375
Anand Rajan,Sunrisers Hyderabad,43,51,2,4,2,8.5,5.0588235294117645,21.5
Ankit Sharma,Deccan Chargers,167,147,4,4,9,24.5,6.816326530612245,41.75
Ankit Sharma,Rajasthan Royals,169,140,7,7,7,23.3,7.253218884120171,24.142857142857142
Ankit Sharma,Rising Pune Supergiant,16,6,0,0,1,1.0,16.0,16.0
Ankit Sharma,Rising Pune Supergiants,84,70,1,6,3,11.7,7.17948717948718,84.0
Ankit Sharma,Sunrisers Hyderabad,17,12,0,0,1,2.0,8.5,17.0
Ankit Soni,Gujarat Lions,145,112,4,4,6,18.7,7.754010695187166,36.25
Anureet Singh,Kings XI Punjab,547,372,17,31,17,62.0,8.82258064516129,32.1764705882353
Anureet Singh,Kolkata Knight Riders,47,34,2,4,2,5.7,8.24561403508772,23.5
Anureet Singh,Rajasthan Royals,42,24,2,0,3,4.0,10.5,21.0
Arjun Tendulkar,Mumbai Indians,117,83,4,13,5,13.8,8.478260869565217,29.25
Arshad Khan,Lucknow Super Giants,90,56,1,8,3,9.3,9.677419354838708,90.0
Arshad Khan,Mumbai Indians,192,97,5,16,6,16.2,11.851851851851853,38.4
Arshad Khan (2),Lucknow Super Giants,25,13,0,3,1,2.2,11.363636363636363,25.0
Arshdeep Singh,Kings XI Punjab,336,223,14,24,11,37.2,9.032258064516128,24.0
Arshdeep Singh,Punjab Kings,1761,1230,70,115,54,205.0,8.590243902439024,25.15714285714286
Atharva Taide,Punjab Kings,4,1,0,0,1,0.2,20.0,4.0
Avesh Khan,Delhi Capitals,538,427,27,36,18,71.2,7.556179775280898,19.925925925925927
Avesh Khan,Delhi Daredevils,205,117,4,4,6,19.5,10.512820512820513,51.25
Avesh Khan,Lucknow Super Giants,710,476,27,35,22,79.3,8.953341740226987,26.296296296296298
Avesh Khan,Rajasthan Royals,533,346,22,25,15,57.7,9.23743500866551,24.227272727272727
Avesh Khan,Royal Challengers Bangalore,24,24,1,1,1,4.0,6.0,24.0
Azhar Mahmood,Kings XI Punjab,666,532,30,24,22,88.7,7.508455467869222,22.2
Azhar Mahmood,Kolkata Knight Riders,41,20,1,2,1,3.3,12.424242424242426,41.0
Azmatullah Omarzai,Gujarat Titans,194,131,4,13,7,21.8,8.899082568807339,48.5
B Akhil,Kochi Tuskers Kerala,22,13,0,2,1,2.2,10.0,22.0
B Akhil,Royal Challengers Bangalore,224,180,7,9,12,30.0,7.466666666666667,32.0
B Chipli,Deccan Chargers,20,6,0,0,1,1.0,20.0,20.0
B Geeves,Delhi Daredevils,91,49,2,1,2,8.2,11.097560975609756,45.5
B Kumar,Pune Warriors,742,666,25,61,31,111.0,6.684684684684685,29.68
B Kumar,Sunrisers Hyderabad,4309,3394,170,246,145,565.7,7.617111543220788,25.347058823529412
B Laughlin,Chennai Super Kings,72,45,1,4,2,7.5,9.6,72.0
B Laughlin,Rajasthan Royals,212,134,9,9,7,22.3,9.506726457399102,23.555555555555557
B Lee,Kings XI Punjab,385,323,11,41,13,53.8,7.156133828996283,35.0
B Lee,Kolkata Knight Riders,741,593,19,43,25,98.8,7.5,39.0
B Stanlake,Royal Challengers Bangalore,70,50,2,2,2,8.3,8.433734939759036,35.0
B Stanlake,Sunrisers Hyderabad,130,100,5,4,4,16.7,7.784431137724551,26.0
BA Bhatt,Kings XI Punjab,408,303,13,19,15,50.5,8.07920792079208,31.384615384615383
BA Stokes,Chennai Super Kings,18,6,0,0,1,1.0,18.0,18.0
BA Stokes,Rajasthan Royals,678,443,17,45,25,73.8,9.1869918699187,39.88235294117647
BA Stokes,Rising Pune Supergiant,327,274,14,22,12,45.7,7.155361050328227,23.357142857142858
BAW Mendis,Kolkata Knight Riders,228,176,7,11,7,29.3,7.781569965870307,32.57142857142857
BAW Mendis,Pune Warriors,78,72,2,0,3,12.0,6.5,39.0
BB Sran,Kings XI Punjab,231,146,6,18,6,24.3,9.506172839506172,38.5
BB Sran,Mumbai Indians,51,25,0,1,2,4.2,12.142857142857142,51.0
BB Sran,Rajasthan Royals,36,20,0,7,1,3.3,10.90909090909091,36.0
BB Sran,Sunrisers Hyderabad,449,325,14,23,15,54.2,8.284132841328413,32.07142857142857
BCJ Cutting,Mumbai Indians,196,117,3,4,8,19.5,10.051282051282051,65.33333333333333
BCJ Cutting,Rajasthan Royals,31,24,2,0,1,4.0,7.75,15.5
BCJ Cutting,Sunrisers Hyderabad,203,147,7,4,8,24.5,8.285714285714286,29.0
BE Hendricks,Kings XI Punjab,239,157,11,15,7,26.2,9.122137404580153,21.727272727272727
BJ Hodge,Kochi Tuskers Kerala,77,67,8,1,4,11.2,6.875,9.625
BJ Hodge,Kolkata Knight Riders,208,153,9,14,13,25.5,8.156862745098039,23.11111111111111
BJ Hodge,Rajasthan Royals,25,18,1,1,3,3.0,8.333333333333334,25.0
BJ Rohrer,Delhi Daredevils,12,7,0,1,1,1.2,10.0,12.0
BMAJ Mendis,Delhi Daredevils,36,30,1,0,2,5.0,7.2,36.0
BW Hilfenhaus,Chennai Super Kings,497,390,23,36,17,65.0,7.6461538461538465,21.608695652173914
Basil Thampi,Gujarat Lions,428,278,15,14,12,46.3,9.244060475161987,28.533333333333335
Basil Thampi,Mumbai Indians,158,102,5,12,5,17.0,9.294117647058824,31.6
Basil Thampi,Sunrisers Hyderabad,276,159,6,8,8,26.5,10.415094339622641,46.0
Bipul Sharma,Kings XI Punjab,277,210,10,18,12,35.0,7.914285714285715,27.7
Bipul Sharma,Sunrisers Hyderabad,304,226,12,6,16,37.7,8.063660477453581,25.333333333333332
C Ganapathy,Chennai Super Kings,13,6,0,0,1,1.0,13.0,13.0
C Green,Mumbai Indians,370,239,8,27,16,39.8,9.296482412060302,46.25
C Green,Royal Challengers Bengaluru,305,223,12,14,13,37.2,8.198924731182794,25.416666666666668
C Munro,Kolkata Knight Riders,15,12,0,0,2,2.0,7.5,15.0
C Nanda,Mumbai Indians,58,50,2,3,3,8.3,6.987951807228915,29.0
C Sakariya,Delhi Capitals,176,126,6,16,5,21.0,8.380952380952381,29.333333333333332
C Sakariya,Rajasthan Royals,434,334,14,31,14,55.7,7.791741472172352,31.0
C de Grandhomme,Kolkata Knight Riders,136,102,4,7,9,17.0,8.0,34.0
C de Grandhomme,Royal Challengers Bangalore,187,128,3,15,10,21.3,8.779342723004694,62.333333333333336
CH Gayle,Kings XI Punjab,5,5,0,0,1,0.8,6.25,5.0
CH Gayle,Kolkata Knight Riders,299,221,5,29,13,36.8,8.125,59.8
CH Gayle,Royal Challengers Bangalore,451,358,14,46,24,59.7,7.554438860971524,32.214285714285715
CH Morris,Chennai Super Kings,410,309,17,19,16,51.5,7.961165048543689,24.11764705882353
CH Morris,Delhi Capitals,314,206,13,16,9,34.3,9.154518950437318,24.153846153846153
CH Morris,Delhi Daredevils,709,550,33,38,25,91.7,7.731733914940022,21.484848484848484
CH Morris,Rajasthan Royals,732,532,32,68,22,88.7,8.252536640360766,22.875
CH Morris,Royal Challengers Bangalore,212,204,12,16,9,34.0,6.235294117647059,17.666666666666668
CJ Anderson,Delhi Daredevils,187,121,4,10,8,20.2,9.257425742574258,46.75
CJ Anderson,Mumbai Indians,221,138,5,11,11,23.0,9.608695652173912,44.2
CJ Anderson,Royal Challengers Bangalore,117,56,5,7,3,9.3,12.580645161290322,23.4
CJ Dala,Delhi Daredevils,34,19,0,1,1,3.2,10.625,34.0
CJ Green,Kolkata Knight Riders,24,17,0,0,1,2.8,8.571428571428571,24.0
CJ Jordan,Chennai Super Kings,136,80,3,4,4,13.3,10.225563909774436,45.333333333333336
CJ Jordan,Kings XI Punjab,320,210,12,20,9,35.0,9.142857142857142,26.666666666666668
CJ Jordan,Mumbai Indians,241,140,3,13,6,23.3,10.343347639484978,80.33333333333333
CJ Jordan,Punjab Kings,103,74,4,9,4,12.3,8.373983739837398,25.75
CJ Jordan,Royal Challengers Bangalore,266,181,13,25,9,30.2,8.80794701986755,20.46153846153846
CJ Jordan,Sunrisers Hyderabad,45,32,1,7,2,5.3,8.49056603773585,45.0
CJ McKay,Mumbai Indians,60,42,1,0,2,7.0,8.571428571428571,60.0
CK Kapugedera,Chennai Super Kings,49,17,0,0,3,2.8,17.5,49.0
CK Langeveldt,Kolkata Knight Riders,107,95,8,9,4,15.8,6.772151898734177,13.375
CK Langeveldt,Royal Challengers Bangalore,92,70,5,12,3,11.7,7.863247863247864,18.4
CL White,Deccan Chargers,27,20,0,2,2,3.3,8.181818181818182,27.0
CL White,Royal Challengers Bangalore,43,14,0,3,2,2.3,18.695652173913047,43.0
CL White,Sunrisers Hyderabad,16,12,1,0,2,2.0,8.0,16.0
CR Brathwaite,Delhi Daredevils,259,181,10,13,10,30.2,8.57615894039735,25.9
CR Brathwaite,Kolkata Knight Riders,29,21,0,3,2,3.5,8.285714285714286,29.0
CR Brathwaite,Sunrisers Hyderabad,96,64,6,5,4,10.7,8.971962616822431,16.0
CR Woakes,Delhi Capitals,85,67,5,4,3,11.2,7.589285714285714,17.0
CR Woakes,Kolkata Knight Riders,393,278,18,21,13,46.3,8.488120950323975,21.833333333333332
CR Woakes,Royal Challengers Bangalore,196,118,8,14,5,19.7,9.949238578680204,24.5
CRD Fernando,Mumbai Indians,306,249,19,27,10,41.5,7.373493975903615,16.105263157894736
CV Varun,Kings XI Punjab,35,18,1,0,1,3.0,11.666666666666666,35.0
CV Varun,Kolkata Knight Riders,2050,1630,85,81,70,271.7,7.545086492454914,24.11764705882353
D Brevis,Mumbai Indians,8,3,1,0,1,0.5,16.0,8.0
D Jansen,Mumbai Indians,53,28,1,4,1,4.7,11.27659574468085,53.0
D Kalyankrishna,Deccan Chargers,88,50,2,3,3,8.3,10.602409638554215,44.0
D Pretorius,Chennai Super Kings,242,166,7,20,7,27.7,8.736462093862816,34.57142857142857
D Salunkhe,Rajasthan Royals,80,51,1,10,5,8.5,9.411764705882353,80.0
D Wiese,Kolkata Knight Riders,38,18,0,0,1,3.0,12.666666666666666,38.0
D Wiese,Royal Challengers Bangalore,409,289,17,19,14,48.2,8.485477178423237,24.058823529411764
D du Preez,Royal Challengers Bangalore,56,43,4,1,2,7.2,7.777777777777778,14.0
DA Warner,Sunrisers Hyderabad,2,2,0,1,1,0.3,6.666666666666667,2.0
DAJ Bracewell,Delhi Daredevils,32,25,3,1,1,4.2,7.619047619047619,10.666666666666666
DB Ravi Teja,Deccan Chargers,28,18,1,0,2,3.0,9.333333333333334,28.0
DE Bollinger,Chennai Super Kings,716,600,43,53,27,100.0,7.16,16.651162790697676
DG Nalkande,Gujarat Titans,150,89,6,7,6,14.8,10.135135135135135,25.0
DJ Bravo,Chennai Super Kings,3199,2394,158,193,113,399.0,8.017543859649123,20.246835443037973
DJ Bravo,Gujarat Lions,502,348,19,21,15,58.0,8.655172413793103,26.42105263157895
DJ Bravo,Mumbai Indians,735,554,30,44,30,92.3,7.963163596966414,24.5
DJ Harris,Deccan Chargers,26,18,0,0,2,3.0,8.666666666666666,26.0
DJ Hooda,Kings XI Punjab,10,6,0,1,1,1.0,10.0,10.0
DJ Hooda,Lucknow Super Giants,73,49,1,1,5,8.2,8.902439024390244,73.0
DJ Hooda,Punjab Kings,136,96,2,0,7,16.0,8.5,68.0
DJ Hooda,Rajasthan Royals,131,97,1,9,7,16.2,8.08641975308642,131.0
DJ Hooda,Sunrisers Hyderabad,185,136,6,6,13,22.7,8.14977973568282,30.833333333333332
DJ Hussey,Chennai Super Kings,38,18,2,2,1,3.0,12.666666666666666,19.0
DJ Hussey,Kings XI Punjab,198,141,4,9,12,23.5,8.425531914893616,49.5
DJ Hussey,Kolkata Knight Riders,249,164,4,7,13,27.3,9.12087912087912,62.25
DJ Mitchell,Chennai Super Kings,70,38,1,2,2,6.3,11.11111111111111,70.0
DJ Mitchell,Rajasthan Royals,27,13,0,1,2,2.2,12.272727272727272,27.0
DJ Muthuswami,Delhi Daredevils,108,84,4,7,6,14.0,7.714285714285714,27.0
DJ Thornely,Mumbai Indians,40,44,3,2,4,7.3,5.47945205479452,13.333333333333334
DJ Willey,Chennai Super Kings,96,61,2,2,3,10.2,9.411764705882353,48.0
DJ Willey,Royal Challengers Bangalore,181,160,5,8,8,26.7,6.7790262172284645,36.2
DJG Sammy,Royal Challengers Bangalore,26,18,0,1,2,3.0,8.666666666666666,26.0
DJG Sammy,Sunrisers Hyderabad,328,226,14,12,17,37.7,8.70026525198939,23.428571428571427
DJM Short,Rajasthan Royals,23,18,1,4,2,3.0,7.666666666666667,23.0
DL Chahar,Chennai Super Kings,2126,1669,78,92,76,278.2,7.641984184040259,27.256410256410255
DL Chahar,Mumbai Indians,18,12,1,0,1,2.0,9.0,18.0
DL Chahar,Rising Pune Supergiant,75,44,1,3,3,7.3,10.273972602739727,75.0
DL Chahar,Rising Pune Supergiants,42,33,0,4,2,5.5,7.636363636363637,42.0
DL Vettori,Delhi Daredevils,338,261,15,10,12,43.5,7.7701149425287355,22.533333333333335
DL Vettori,Royal Challengers Bangalore,556,524,19,13,22,87.3,6.368843069873998,29.263157894736842
DNT Zoysa,Deccan Chargers,100,69,2,4,3,11.5,8.695652173913043,50.0
DP Nannes,Chennai Super Kings,165,126,5,19,5,21.0,7.857142857142857,33.0
DP Nannes,Delhi Daredevils,619,538,31,61,22,89.7,6.900780379041248,19.967741935483872
DP Nannes,Royal Challengers Bangalore,31,25,2,1,2,4.2,7.3809523809523805,15.5
DP Vijaykumar,Deccan Chargers,205,159,4,13,9,26.5,7.735849056603773,51.25
DR Sams,Delhi Capitals,114,77,0,5,3,12.8,8.90625,114.0
DR Sams,Mumbai Indians,375,274,14,32,11,45.7,8.205689277899342,26.785714285714285
DR Sams,Royal Challengers Bangalore,39,38,1,2,2,6.3,6.190476190476191,39.0
DR Smith,Chennai Super Kings,116,74,5,6,6,12.3,9.430894308943088,23.2
DR Smith,Deccan Chargers,164,108,2,6,10,18.0,9.11111111111111,82.0
DR Smith,Gujarat Lions,305,195,10,13,17,32.5,9.384615384615385,30.5
DR Smith,Mumbai Indians,240,180,10,13,13,30.0,8.0,24.0
DS Kulkarni,Gujarat Lions,538,415,23,9,20,69.2,7.774566473988439,23.391304347826086
DS Kulkarni,Mumbai Indians,934,722,39,77,35,120.3,7.763923524522029,23.94871794871795
DS Kulkarni,Rajasthan Royals,1041,739,29,63,37,123.2,8.449675324675324,35.89655172413793
DT Christian,Deccan Chargers,597,460,20,39,21,76.7,7.783572359843546,29.85
DT Christian,Delhi Daredevils,106,71,4,5,4,11.8,8.983050847457626,26.5
DT Christian,Rising Pune Supergiant,303,249,12,14,13,41.5,7.301204819277109,25.25
DT Christian,Royal Challengers Bangalore,212,142,4,8,11,23.7,8.945147679324895,53.0
DW Steyn,Deccan Chargers,594,575,32,33,24,95.8,6.200417536534447,18.5625
DW Steyn,Gujarat Lions,17,13,0,1,1,2.2,7.727272727272727,17.0
DW Steyn,Royal Challengers Bangalore,950,811,38,91,33,135.2,7.0266272189349115,25.0
DW Steyn,Sunrisers Hyderabad,1022,883,35,52,37,147.2,6.942934782608696,29.2
F du Plessis,Chennai Super Kings,16,6,0,0,1,1.0,16.0,16.0
FA Allen,Mumbai Indians,46,24,1,0,1,4.0,11.5,46.0
FA Allen,Punjab Kings,90,67,1,1,3,11.2,8.035714285714286,90.0
FH Edwards,Deccan Chargers,160,150,6,16,6,25.0,6.4,26.666666666666668
FY Fazal,Rajasthan Royals,20,12,1,0,2,2.0,10.0,20.0
Fazalhaq Farooqi,Rajasthan Royals,49,18,0,0,1,3.0,16.333333333333332,49.0
Fazalhaq Farooqi,Sunrisers Hyderabad,229,162,6,12,7,27.0,8.481481481481481,38.166666666666664
G Coetzee,Mumbai Indians,357,216,13,39,10,36.0,9.916666666666666,27.46153846153846
GB Hogg,Kolkata Knight Riders,292,225,15,14,11,37.5,7.786666666666667,19.466666666666665
GB Hogg,Rajasthan Royals,293,241,10,19,10,40.2,7.288557213930348,29.3
GC Viljoen,Kings XI Punjab,229,146,8,19,6,24.3,9.423868312757202,28.625
GD McGrath,Delhi Daredevils,366,329,14,14,14,54.8,6.678832116788321,26.142857142857142
GD Phillips,Rajasthan Royals,20,13,1,1,2,2.2,9.09090909090909,20.0
GD Phillips,Sunrisers Hyderabad,20,18,1,0,2,3.0,6.666666666666667,20.0
GH Vihari,Delhi Capitals,9,6,0,0,1,1.0,9.0,9.0
GH Vihari,Sunrisers Hyderabad,39,37,1,2,5,6.2,6.290322580645161,39.0
GHS Garton,Royal Challengers Bangalore,136,97,3,8,5,16.2,8.395061728395062,45.333333333333336
GJ Maxwell,Delhi Daredevils,154,117,7,3,12,19.5,7.897435897435898,22.0
GJ Maxwell,Kings XI Punjab,608,429,13,17,36,71.5,8.503496503496503,46.76923076923077
GJ Maxwell,Mumbai Indians,24,12,0,1,2,2.0,12.0,24.0
GJ Maxwell,Royal Challengers Bangalore,396,309,14,9,23,51.5,7.689320388349515,28.285714285714285
GJ Maxwell,Royal Challengers Bengaluru,129,98,7,6,6,16.3,7.914110429447852,18.428571428571427
GR Napier,Mumbai Indians,28,24,1,1,1,4.0,7.0,28.0
GS Sandhu,Delhi Daredevils,86,48,1,4,2,8.0,10.75,86.0
Gagandeep Singh,Kings XI Punjab,142,84,3,1,4,14.0,10.142857142857142,47.333333333333336
Gulbadin Naib,Delhi Capitals,12,6,0,0,1,1.0,12.0,12.0
Gurkeerat Singh,Kings XI Punjab,97,82,5,4,6,13.7,7.08029197080292,19.4
Gurnoor Brar,Punjab Kings,42,21,0,3,1,3.5,12.0,42.0
H Sharma,Royal Challengers Bangalore,33,18,0,5,1,3.0,11.0,33.0
H Sharma,Royal Challengers Bengaluru,29,12,0,0,1,2.0,14.5,29.0
HF Gurney,Kolkata Knight Riders,239,169,7,8,8,28.2,8.47517730496454,34.142857142857146
HH Pandya,Gujarat Titans,467,345,12,29,21,57.5,8.121739130434783,38.916666666666664
HH Pandya,Mumbai Indians,1729,1140,58,84,72,190.0,9.1,29.810344827586206
HR Shokeen,Mumbai Indians,320,213,5,19,13,35.5,9.014084507042254,64.0
HV Patel,Delhi Capitals,212,150,6,18,7,25.0,8.48,35.333333333333336
HV Patel,Delhi Daredevils,169,109,7,9,5,18.2,9.285714285714286,24.142857142857142
HV Patel,Punjab Kings,485,317,30,35,14,52.8,9.18560606060606,16.166666666666668
HV Patel,Royal Challengers Bangalore,2349,1708,108,150,77,284.7,8.250790305584827,21.75
HV Patel,Sunrisers Hyderabad,34,26,2,2,1,4.3,7.906976744186047,17.0
Harbhajan Singh,Chennai Super Kings,585,462,25,12,23,77.0,7.597402597402597,23.4
Harbhajan Singh,Kolkata Knight Riders,63,45,0,3,3,7.5,8.4,63.0
Harbhajan Singh,Mumbai Indians,3453,2989,136,158,134,498.2,6.93095142513047,25.389705882352942
Harmeet Singh,Deccan Chargers,428,337,17,31,17,56.2,7.615658362989324,25.176470588235293
Harmeet Singh,Kings XI Punjab,285,212,13,17,10,35.3,8.073654390934845,21.923076923076923
Harmeet Singh,Rajasthan Royals,34,25,1,1,1,4.2,8.095238095238095,34.0
Harpreet Brar,Kings XI Punjab,89,55,0,1,3,9.2,9.673913043478262,89.0
Harpreet Brar,Punjab Kings,818,637,25,31,36,106.2,7.702448210922787,32.72
Harshit Rana,Kolkata Knight Riders,622,421,27,27,20,70.2,8.86039886039886,23.037037037037038
I Malhotra,Deccan Chargers,23,6,0,0,1,1.0,23.0,23.0
I Sharma,Deccan Chargers,324,275,11,21,12,45.8,7.074235807860262,29.454545454545453
I Sharma,Delhi Capitals,964,716,37,68,34,119.3,8.080469404861693,26.054054054054053
I Sharma,Kings XI Punjab,190,114,0,18,6,19.0,10.0,190.0
I Sharma,Kolkata Knight Riders,893,696,25,79,31,116.0,7.698275862068965,35.72
I Sharma,Rising Pune Supergiants,151,97,3,16,4,16.2,9.320987654320987,50.333333333333336
I Sharma,Sunrisers Hyderabad,733,531,20,33,23,88.5,8.282485875706215,36.65
I Udana,Royal Challengers Bangalore,286,182,8,12,10,30.3,9.438943894389439,35.75
IC Pandey,Chennai Super Kings,559,444,18,24,22,74.0,7.554054054054054,31.055555555555557
IC Pandey,Pune Warriors,50,25,1,1,2,4.2,11.904761904761905,50.0
IC Porel,Punjab Kings,42,26,1,5,1,4.3,9.767441860465116,42.0
IK Pathan,Delhi Daredevils,1221,969,34,65,45,161.5,7.560371517027864,35.911764705882355
IK Pathan,Gujarat Lions,26,12,2,0,1,2.0,13.0,13.0
IK Pathan,Kings XI Punjab,1194,940,57,71,42,156.7,7.619655392469688,20.94736842105263
IK Pathan,Rising Pune Supergiants,61,48,0,0,3,8.0,7.625,61.0
IK Pathan,Sunrisers Hyderabad,209,144,6,6,10,24.0,8.708333333333334,34.833333333333336
IS Sodhi,Rajasthan Royals,204,182,9,3,8,30.3,6.732673267326732,22.666666666666668
Imran Tahir,Chennai Super Kings,727,606,36,25,27,101.0,7.198019801980198,20.194444444444443
Imran Tahir,Delhi Daredevils,632,448,31,34,20,74.7,8.460508701472557,20.387096774193548
Imran Tahir,Rising Pune Supergiant,370,286,19,6,12,47.7,7.756813417190775,19.473684210526315
Iqbal Abdulla,Kolkata Knight Riders,686,621,32,21,32,103.5,6.628019323671498,21.4375
Iqbal Abdulla,Rajasthan Royals,18,12,0,1,1,2.0,9.0,18.0
Iqbal Abdulla,Royal Challengers Bangalore,421,310,13,20,15,51.7,8.143133462282398,32.38461538461539
J Botha,Delhi Daredevils,114,102,5,7,6,17.0,6.705882352941177,22.8
J Botha,Kolkata Knight Riders,82,62,1,3,4,10.3,7.9611650485436884,82.0
J Botha,Rajasthan Royals,622,545,21,27,24,90.8,6.850220264317181,29.61904761904762
J Little,Gujarat Titans,341,236,13,10,11,39.3,8.676844783715014,26.23076923076923
J Suchith,Delhi Capitals,28,24,2,0,1,4.0,7.0,14.0
J Suchith,Mumbai Indians,369,253,10,10,13,42.2,8.744075829383887,36.9
J Suchith,Sunrisers Hyderabad,207,157,8,9,7,26.2,7.900763358778626,25.875
J Syed Mohammad,Royal Challengers Bangalore,286,196,10,7,11,32.7,8.74617737003058,28.6
J Theron,Deccan Chargers,66,51,3,3,2,8.5,7.764705882352941,22.0
J Theron,Kings XI Punjab,204,158,9,17,7,26.3,7.756653992395437,22.666666666666668
J Theron,Rajasthan Royals,41,26,1,3,1,4.3,9.534883720930234,41.0
J Yadav,Delhi Daredevils,197,183,4,4,10,30.5,6.459016393442623,49.25
J Yadav,Gujarat Titans,26,24,0,0,1,4.0,6.5,26.0
J Yadav,Mumbai Indians,224,191,5,6,9,31.8,7.044025157232705,44.8
JA Morkel,Chennai Super Kings,2103,1598,86,132,75,266.3,7.897108524220803,24.453488372093023
JA Morkel,Delhi Daredevils,113,74,3,6,4,12.3,9.186991869918698,37.666666666666664
JA Morkel,Rising Pune Supergiants,66,34,3,5,2,5.7,11.578947368421053,22.0
JA Morkel,Royal Challengers Bangalore,127,101,4,10,6,16.8,7.559523809523809,31.75
JA Richardson,Delhi Capitals,40,25,0,2,1,4.2,9.523809523809524,40.0
JA Richardson,Punjab Kings,122,69,3,8,3,11.5,10.608695652173912,40.666666666666664
JC Archer,Mumbai Indians,202,129,2,25,5,21.5,9.395348837209303,101.0
JC Archer,Rajasthan Royals,1088,885,47,67,36,147.5,7.376271186440678,23.148936170212767
JD Ryder,Pune Warriors,193,137,6,9,11,22.8,8.464912280701753,32.166666666666664
JD Ryder,Royal Challengers Bangalore,121,104,5,8,5,17.3,6.99421965317919,24.2
JD Unadkat,Delhi Daredevils,308,207,10,10,10,34.5,8.927536231884059,30.8
JD Unadkat,Kolkata Knight Riders,317,210,10,5,11,35.0,9.057142857142857,31.7
JD Unadkat,Lucknow Super Giants,92,52,1,8,3,8.7,10.574712643678161,92.0
JD Unadkat,Mumbai Indians,191,123,7,5,5,20.5,9.317073170731707,27.285714285714285
JD Unadkat,Rajasthan Royals,1287,824,32,37,39,137.3,9.373634377276037,40.21875
JD Unadkat,Rising Pune Supergiant,330,279,27,12,12,46.5,7.096774193548387,12.222222222222221
JD Unadkat,Royal Challengers Bangalore,373,299,13,8,13,49.8,7.4899598393574305,28.692307692307693
JD Unadkat,Sunrisers Hyderabad,321,200,9,15,11,33.3,9.63963963963964,35.666666666666664
JDP Oram,Chennai Super Kings,288,194,12,11,11,32.3,8.91640866873065,24.0
JDP Oram,Mumbai Indians,28,26,0,8,1,4.3,6.511627906976744,28.0
JDP Oram,Rajasthan Royals,46,24,1,1,2,4.0,11.5,46.0
JDS Neesham,Delhi Daredevils,96,57,1,8,4,9.5,10.105263157894736,96.0
JDS Neesham,Kings XI Punjab,149,93,2,4,5,15.5,9.612903225806452,74.5
JDS Neesham,Mumbai Indians,68,54,5,2,3,9.0,7.555555555555555,13.6
JDS Neesham,Rajasthan Royals,29,18,0,0,1,3.0,9.666666666666666,29.0
JE Root,Rajasthan Royals,15,12,0,1,1,2.0,7.5,15.0
JE Taylor,Pune Warriors,167,122,6,15,5,20.3,8.226600985221674,27.833333333333332
JEC Franklin,Mumbai Indians,225,155,9,9,15,25.8,8.720930232558139,25.0
JH Kallis,Kolkata Knight Riders,1180,949,48,58,48,158.2,7.4589127686472825,24.583333333333332
JH Kallis,Royal Challengers Bangalore,1168,850,26,68,41,141.7,8.242766407904023,44.92307692307692
JJ Bumrah,Mumbai Indians,3840,3185,182,227,133,530.8,7.234363225320272,21.0989010989011
JJ van der Wath,Royal Challengers Bangalore,134,76,3,9,3,12.7,10.551181102362206,44.666666666666664
JL Pattinson,Mumbai Indians,321,222,11,10,10,37.0,8.675675675675675,29.181818181818183
JM Kemp,Chennai Super Kings,58,47,3,7,5,7.8,7.435897435897436,19.333333333333332
JO Holder,Chennai Super Kings,173,125,4,10,6,20.8,8.317307692307692,43.25
JO Holder,Kolkata Knight Riders,105,83,3,7,4,13.8,7.608695652173913,35.0
JO Holder,Lucknow Super Giants,399,266,16,25,12,44.3,9.006772009029346,24.9375
JO Holder,Rajasthan Royals,290,176,4,11,8,29.3,9.897610921501705,72.5
JO Holder,Sunrisers Hyderabad,522,399,32,33,16,66.5,7.849624060150376,16.3125
JP Behrendorff,Mumbai Indians,563,379,22,28,17,63.2,8.908227848101266,25.59090909090909
JP Duminy,Deccan Chargers,253,189,5,15,14,31.5,8.031746031746032,50.6
JP Duminy,Delhi Daredevils,425,354,13,20,25,59.0,7.203389830508475,32.69230769230769
JP Duminy,Mumbai Indians,169,158,5,10,10,26.3,6.425855513307985,33.8
JP Faulkner,Gujarat Lions,447,272,13,19,15,45.3,9.867549668874172,34.38461538461539
JP Faulkner,Kings XI Punjab,74,49,3,3,2,8.2,9.02439024390244,24.666666666666668
JP Faulkner,Pune Warriors,10,12,1,1,1,2.0,5.0,10.0
JP Faulkner,Rajasthan Royals,1318,954,59,82,42,159.0,8.28930817610063,22.338983050847457
JPR Scantlebury-Searles,Kolkata Knight Riders,89,45,2,3,3,7.5,11.866666666666667,44.5
JR Hazlewood,Chennai Super Kings,374,276,12,23,12,46.0,8.130434782608695,31.166666666666668
JR Hazlewood,Royal Challengers Bangalore,456,346,24,16,15,57.7,7.902946273830156,19.0
JR Hazlewood,Royal Challengers Bengaluru,23,24,2,1,1,4.0,5.75,11.5
JR Hopes,Delhi Daredevils,277,198,7,11,9,33.0,8.393939393939394,39.57142857142857
JR Hopes,Kings XI Punjab,285,171,7,12,11,28.5,10.0,40.714285714285715
JW Hastings,Chennai Super Kings,29,19,1,1,1,3.2,9.0625,29.0
JW Hastings,Kolkata Knight Riders,37,42,2,2,2,7.0,5.285714285714286,18.5
Jalaj S Saxena,Punjab Kings,27,18,0,0,1,3.0,9.0,27.0
Jaskaran Singh,Deccan Chargers,174,111,6,12,7,18.5,9.405405405405405,29.0
Joginder Sharma,Chennai Super Kings,421,272,13,19,15,45.3,9.293598233995585,32.38461538461539
K Goel,Kings XI Punjab,94,67,0,2,6,11.2,8.392857142857144,94.0
K Gowtham,Kings XI Punjab,84,48,1,0,2,8.0,10.5,84.0
K Gowtham,Lucknow Super Giants,249,185,8,8,11,30.8,8.084415584415584,31.125
K Gowtham,Rajasthan Royals,492,366,13,20,22,61.0,8.065573770491802,37.84615384615385
K Kartikeya,Mumbai Indians,334,241,10,13,12,40.2,8.308457711442786,33.4
K Khejroliya,Kolkata Knight Riders,64,28,2,2,2,4.7,13.617021276595745,32.0
K Khejroliya,Royal Challengers Bangalore,157,101,3,10,5,16.8,9.345238095238095,52.333333333333336
K Rabada,Delhi Capitals,1411,1058,77,70,44,176.3,8.003403289846851,18.324675324675326
K Rabada,Delhi Daredevils,198,137,8,24,6,22.8,8.68421052631579,24.75
K Rabada,Punjab Kings,1043,712,41,72,30,118.7,8.786857624262847,25.4390243902439
K Santokie,Mumbai Indians,91,51,3,4,2,8.5,10.705882352941176,30.333333333333332
K Upadhyay,Pune Warriors,81,56,0,2,3,9.3,8.709677419354838,81.0
K Yadav,Rajasthan Royals,85,54,2,1,3,9.0,9.444444444444445,42.5
KA Jamieson,Royal Challengers Bangalore,271,179,9,13,9,29.8,9.093959731543624,30.11111111111111
KA Maharaj,Rajasthan Royals,39,36,2,0,2,6.0,6.5,19.5
KA Pollard,Mumbai Indians,2200,1586,81,123,107,264.3,8.323874385168368,27.160493827160494
KAJ Roach,Deccan Chargers,80,52,0,4,2,8.7,9.195402298850576,80.0
KC Cariappa,Kings XI Punjab,287,199,7,8,9,33.2,8.644578313253012,41.0
KC Cariappa,Kolkata Knight Riders,62,25,1,1,2,4.2,14.761904761904761,62.0
KH Pandya,Lucknow Super Giants,847,690,26,34,36,115.0,7.3652173913043475,32.57692307692308
KH Pandya,Mumbai Indians,1797,1493,54,87,81,248.8,7.222668810289389,33.27777777777778
KH Pandya,Royal Challengers Bengaluru,29,25,3,1,1,4.2,6.904761904761904,9.666666666666666
KJ Abbott,Kings XI Punjab,182,102,2,12,5,17.0,10.705882352941176,91.0
KK Ahmed,Chennai Super Kings,29,25,3,1,1,4.2,6.904761904761904,9.666666666666666
KK Ahmed,Delhi Capitals,1117,778,43,71,33,129.7,8.61218195836546,25.976744186046513
KK Ahmed,Sunrisers Hyderabad,801,567,35,39,24,94.5,8.476190476190476,22.885714285714286
KK Cooper,Rajasthan Royals,789,600,36,64,25,100.0,7.89,21.916666666666668
KL Nagarkoti,Delhi Capitals,29,13,0,1,1,2.2,13.18181818181818,29.0
KL Nagarkoti,Kolkata Knight Riders,258,172,5,6,10,28.7,8.989547038327526,51.6
KM Asif,Chennai Super Kings,93,52,4,3,3,8.7,10.689655172413794,23.25
KM Asif,Rajasthan Royals,139,91,3,10,4,15.2,9.144736842105264,46.333333333333336
KMA Paul,Delhi Capitals,239,180,10,23,8,30.0,7.966666666666667,23.9
KMDN Kulasekara,Chennai Super Kings,122,107,6,7,5,17.8,6.853932584269662,20.333333333333332
KP Appanna,Royal Challengers Bangalore,291,222,11,13,13,37.0,7.864864864864865,26.454545454545453
KP Pietersen,Delhi Daredevils,53,40,1,4,3,6.7,7.91044776119403,53.0
KP Pietersen,Royal Challengers Bangalore,165,140,8,9,10,23.3,7.081545064377682,20.625
KR Mayers,Lucknow Super Giants,59,46,0,4,6,7.7,7.662337662337662,59.0
KR Sen,Rajasthan Royals,396,255,14,24,12,42.5,9.31764705882353,28.285714285714285
KS Williamson,Sunrisers Hyderabad,31,18,0,0,2,3.0,10.333333333333334,31.0
KT Maphaka,Mumbai Indians,90,39,1,4,2,6.5,13.846153846153847,90.0
KV Sharma,Chennai Super Kings,288,193,10,6,11,32.2,8.944099378881987,28.8
KV Sharma,Mumbai Indians,217,189,13,8,9,31.5,6.888888888888889,16.692307692307693
KV Sharma,Royal Challengers Bangalore,229,132,11,9,7,22.0,10.409090909090908,20.818181818181817
KV Sharma,Royal Challengers Bengaluru,256,149,7,7,9,24.8,10.32258064516129,36.57142857142857
KV Sharma,Sunrisers Hyderabad,1140,857,41,38,46,142.8,7.9831932773109235,27.804878048780488
KW Richardson,Pune Warriors,103,73,2,4,3,12.2,8.442622950819672,51.5
KW Richardson,Rajasthan Royals,209,167,10,8,7,27.8,7.517985611510791,20.9
KW Richardson,Royal Challengers Bangalore,167,105,9,9,5,17.5,9.542857142857143,18.555555555555557
Kamran Khan,Pune Warriors,47,18,0,0,1,3.0,15.666666666666666,47.0
Kamran Khan,Rajasthan Royals,201,159,14,20,8,26.5,7.584905660377358,14.357142857142858
Karanveer Singh,Kings XI Punjab,323,213,14,11,9,35.5,9.098591549295774,23.071428571428573
Kartik Tyagi,Gujarat Titans,52,26,0,3,1,4.3,12.093023255813954,52.0
Kartik Tyagi,Rajasthan Royals,497,334,14,29,14,55.7,8.922800718132853,35.5
Kartik Tyagi,Sunrisers Hyderabad,171,98,2,13,5,16.3,10.490797546012269,85.5
Kuldeep Yadav,Delhi Capitals,1162,873,47,33,39,145.5,7.986254295532646,24.72340425531915
Kuldeep Yadav,Kolkata Knight Riders,1251,913,43,41,43,152.2,8.219448094612353,29.093023255813954
L Ablish,Kings XI Punjab,76,45,5,4,3,7.5,10.133333333333333,15.2
L Balaji,Chennai Super Kings,827,581,35,46,29,96.8,8.543388429752067,23.62857142857143
L Balaji,Kings XI Punjab,305,211,12,13,9,35.2,8.664772727272727,25.416666666666668
L Balaji,Kolkata Knight Riders,951,782,38,72,35,130.3,7.298541826554105,25.026315789473685
L Ngidi,Chennai Super Kings,460,342,28,30,14,57.0,8.070175438596491,16.428571428571427
L Wood,Mumbai Indians,94,38,1,3,2,6.3,14.920634920634921,94.0
LA Carseldine,Rajasthan Royals,6,7,1,1,1,1.2,5.0,6.0
LB Williams,Delhi Capitals,74,42,1,13,2,7.0,10.571428571428571,74.0
LE Plunkett,Delhi Daredevils,228,154,4,7,7,25.7,8.8715953307393,57.0
LH Ferguson,Gujarat Titans,433,298,16,22,13,49.7,8.712273641851105,27.0625
LH Ferguson,Kolkata Knight Riders,662,470,26,33,21,78.3,8.454661558109834,25.46153846153846
LH Ferguson,Rising Pune Supergiant,96,87,5,12,4,14.5,6.620689655172414,19.2
LH Ferguson,Royal Challengers Bengaluru,260,147,10,8,7,24.5,10.612244897959183,26.0
LI Meriwala,Delhi Capitals,32,19,1,1,1,3.2,10.0,32.0
LJ Wright,Pune Warriors,125,75,2,5,6,12.5,10.0,62.5
LMP Simmons,Mumbai Indians,34,18,1,0,1,3.0,11.333333333333334,34.0
LPC Silva,Deccan Chargers,21,6,0,0,1,1.0,21.0,21.0
LR Shukla,Delhi Daredevils,88,58,1,7,5,9.7,9.07216494845361,88.0
LR Shukla,Kolkata Knight Riders,370,268,16,22,22,44.7,8.277404921700223,23.125
LRPL Taylor,Rajasthan Royals,11,6,0,0,1,1.0,11.0,11.0
LRPL Taylor,Royal Challengers Bangalore,13,7,0,1,1,1.2,10.833333333333334,13.0
LS Livingstone,Punjab Kings,382,261,11,11,21,43.5,8.781609195402298,34.72727272727273
LS Livingstone,Rajasthan Royals,13,6,0,0,1,1.0,13.0,13.0
LS Livingstone,Royal Challengers Bengaluru,14,12,0,0,1,2.0,7.0,14.0
Lalit Yadav,Delhi Capitals,430,294,11,11,19,49.0,8.775510204081632,39.09090909090909
M Ashwin,Kings XI Punjab,497,402,15,17,19,67.0,7.417910447761194,33.13333333333333
M Ashwin,Mumbai Indians,233,179,9,10,8,29.8,7.818791946308725,25.88888888888889
M Ashwin,Punjab Kings,100,71,1,8,3,11.8,8.47457627118644,100.0
M Ashwin,Rajasthan Royals,53,25,0,1,2,4.2,12.619047619047619,53.0
M Ashwin,Rising Pune Supergiants,245,176,7,11,10,29.3,8.361774744027304,35.0
M Ashwin,Royal Challengers Bangalore,54,45,3,4,2,7.5,7.2,18.0
M Jansen,Mumbai Indians,47,40,3,6,2,6.7,7.014925373134328,15.666666666666666
M Jansen,Sunrisers Hyderabad,685,447,19,61,19,74.5,9.194630872483222,36.05263157894737
M Kartik,Kings XI Punjab,91,49,2,1,2,8.2,11.097560975609756,45.5
M Kartik,Kolkata Knight Riders,600,537,20,36,25,89.5,6.70391061452514,30.0
M Kartik,Pune Warriors,437,355,6,25,17,59.2,7.381756756756756,72.83333333333333
M Kartik,Royal Challengers Bangalore,290,241,11,15,11,40.2,7.213930348258706,26.363636363636363
M Manhas,Pune Warriors,42,42,0,0,3,7.0,6.0,42.0
M Markande,Mumbai Indians,496,347,17,17,19,57.8,8.581314878892734,29.176470588235293
M Markande,Rajasthan Royals,26,18,0,0,1,3.0,8.666666666666666,26.0
M Markande,Sunrisers Hyderabad,559,372,20,13,17,62.0,9.016129032258064,27.95
M Morkel,Delhi Daredevils,1143,910,52,68,37,151.7,7.534607778510218,21.98076923076923
M Morkel,Kolkata Knight Riders,887,699,35,57,29,116.5,7.613733905579399,25.34285714285714
M Morkel,Rajasthan Royals,106,90,1,6,4,15.0,7.066666666666666,106.0
M Muralitharan,Chennai Super Kings,1039,979,43,84,40,163.2,6.366421568627452,24.162790697674417
M Muralitharan,Kochi Tuskers Kerala,145,117,2,8,5,19.5,7.435897435897436,72.5
M Muralitharan,Royal Challengers Bangalore,581,485,22,31,21,80.8,7.1905940594059405,26.40909090909091
M Ntini,Chennai Super Kings,257,213,8,19,9,35.5,7.23943661971831,32.125
M Pathirana,Chennai Super Kings,617,503,38,93,20,83.8,7.362768496420048,16.236842105263158
M Prasidh Krishna,Kolkata Knight Riders,1177,799,33,63,34,133.2,8.836336336336338,35.666666666666664
M Prasidh Krishna,Rajasthan Royals,564,432,21,59,17,72.0,7.833333333333333,26.857142857142858
M Shahrukh Khan,Gujarat Titans,16,12,0,1,2,2.0,8.0,16.0
M Siddharth,Lucknow Super Giants,72,58,1,6,3,9.7,7.422680412371134,72.0
M Theekshana,Chennai Super Kings,814,631,25,25,27,105.2,7.73764258555133,32.56
M Theekshana,Rajasthan Royals,52,29,2,5,1,4.8,10.833333333333334,26.0
M Vijay,Delhi Daredevils,13,6,0,0,1,1.0,13.0,13.0
M Vijay,Kings XI Punjab,36,31,0,1,3,5.2,6.9230769230769225,36.0
M de Lange,Kolkata Knight Riders,108,64,3,5,3,10.7,10.093457943925234,36.0
M de Lange,Mumbai Indians,63,52,3,9,2,8.7,7.241379310344828,21.0
MA Khote,Mumbai Indians,52,30,2,1,2,5.0,10.4,26.0
MA Starc,Kolkata Knight Riders,450,267,20,36,13,44.5,10.112359550561798,22.5
MA Starc,Royal Challengers Bangalore,725,612,39,69,26,102.0,7.107843137254902,18.58974358974359
MA Wood,Chennai Super Kings,50,25,0,2,1,4.2,11.904761904761905,50.0
MA Wood,Lucknow Super Giants,142,102,11,18,4,17.0,8.352941176470589,12.909090909090908
MB Parmar,Kolkata Knight Riders,33,19,0,1,1,3.2,10.3125,33.0
MC Henriques,Delhi Daredevils,35,24,1,0,1,4.0,8.75,35.0
MC Henriques,Kolkata Knight Riders,107,76,2,3,4,12.7,8.425196850393702,53.5
MC Henriques,Punjab Kings,47,61,4,3,5,10.2,4.6078431372549025,11.75
MC Henriques,Royal Challengers Bangalore,187,132,8,7,8,22.0,8.5,23.375
MC Henriques,Sunrisers Hyderabad,926,686,31,33,42,114.3,8.10148731408574,29.870967741935484
MF Maharoof,Delhi Daredevils,532,441,33,38,20,73.5,7.238095238095238,16.12121212121212
MG Bracewell,Royal Challengers Bangalore,95,66,6,0,5,11.0,8.636363636363637,15.833333333333334
MG Johnson,Kings XI Punjab,904,640,31,51,26,106.7,8.472352389878163,29.161290322580644
MG Johnson,Kolkata Knight Riders,218,133,2,9,6,22.2,9.81981981981982,109.0
MG Johnson,Mumbai Indians,618,528,33,47,22,88.0,7.0227272727272725,18.727272727272727
MG Neser,Kings XI Punjab,62,25,0,1,1,4.2,14.761904761904761,62.0
MJ Clarke,Pune Warriors,72,66,3,5,5,11.0,6.545454545454546,24.0
MJ Henry,Kings XI Punjab,71,31,2,1,2,5.2,13.653846153846153,35.5
MJ Henry,Lucknow Super Giants,112,74,1,4,4,12.3,9.105691056910569,112.0
MJ McClenaghan,Mumbai Indians,1839,1346,75,113,56,224.3,8.198840838163173,24.52
MJ Santner,Chennai Super Kings,428,370,16,17,18,61.7,6.936790923824959,26.75
MJ Santner,Mumbai Indians,24,13,0,0,1,2.2,10.909090909090908,24.0
MJ Suthar,Gujarat Titans,26,12,0,0,1,2.0,13.0,26.0
MK Lomror,Rajasthan Royals,74,61,1,1,6,10.2,7.254901960784315,74.0
MK Lomror,Royal Challengers Bangalore,35,24,1,0,4,4.0,8.75,35.0
MK Lomror,Royal Challengers Bengaluru,18,9,0,3,1,1.5,12.0,18.0
MK Tiwary,Delhi Daredevils,39,18,0,0,2,3.0,13.0,39.0
MK Tiwary,Kings XI Punjab,10,7,0,3,1,1.2,8.333333333333334,10.0
MK Tiwary,Kolkata Knight Riders,34,20,1,2,3,3.3,10.303030303030303,34.0
MM Ali,Chennai Super Kings,591,506,26,13,35,84.3,7.01067615658363,22.73076923076923
MM Ali,Royal Challengers Bangalore,309,264,14,6,17,44.0,7.0227272727272725,22.071428571428573
MM Patel,Gujarat Lions,58,42,1,1,2,7.0,8.285714285714286,58.0
MM Patel,Mumbai Indians,889,708,42,39,31,118.0,7.533898305084746,21.166666666666668
MM Patel,Rajasthan Royals,786,632,39,23,30,105.3,7.464387464387465,20.153846153846153
MM Sharma,Chennai Super Kings,1293,1003,63,23,48,167.2,7.733253588516747,20.523809523809526
MM Sharma,Delhi Capitals,45,25,1,1,1,4.2,10.714285714285714,45.0
MM Sharma,Gujarat Titans,790,513,47,18,25,85.5,9.239766081871345,16.80851063829787
MM Sharma,Kings XI Punjab,1150,767,36,36,37,127.8,8.998435054773083,31.944444444444443
MN Samuels,Delhi Daredevils,34,18,0,0,2,3.0,11.333333333333334,34.0
MN Samuels,Pune Warriors,251,201,10,7,9,33.5,7.492537313432836,25.1
MP Stoinis,Delhi Capitals,411,253,15,20,21,42.2,9.739336492890995,27.4
MP Stoinis,Kings XI Punjab,435,275,14,20,18,45.8,9.497816593886464,31.071428571428573
MP Stoinis,Lucknow Super Giants,307,200,14,15,17,33.3,9.21921921921922,21.928571428571427
MP Stoinis,Royal Challengers Bangalore,147,103,2,5,6,17.2,8.546511627906977,73.5
MP Yadav,Lucknow Super Giants,88,76,8,6,4,12.7,6.929133858267717,11.0
MR Marsh,Deccan Chargers,89,64,2,5,3,10.7,8.317757009345796,44.5
MR Marsh,Delhi Capitals,377,262,17,23,15,43.7,8.62700228832952,22.176470588235293
MR Marsh,Pune Warriors,286,208,14,12,12,34.7,8.24207492795389,20.428571428571427
MR Marsh,Rising Pune Supergiants,45,55,4,1,3,9.2,4.891304347826087,11.25
MR Marsh,Sunrisers Hyderabad,6,4,0,0,1,0.7,8.571428571428571,6.0
MS Gony,Chennai Super Kings,721,529,24,33,26,88.2,8.174603174603174,30.041666666666668
MS Gony,Deccan Chargers,303,206,8,19,9,34.3,8.833819241982509,37.875
MS Gony,Gujarat Lions,32,15,0,3,1,2.5,12.8,32.0
MS Gony,Kings XI Punjab,261,175,7,12,8,29.2,8.938356164383562,37.285714285714285
MW Short,Punjab Kings,25,25,0,1,3,4.2,5.9523809523809526,25.0
Mandeep Singh,Kings XI Punjab,26,12,0,0,2,2.0,13.0,26.0
Mashrafe Mortaza,Kolkata Knight Riders,59,28,1,5,1,4.7,12.553191489361701,59.0
Mayank Dagar,Royal Challengers Bengaluru,122,72,1,7,5,12.0,10.166666666666666,122.0
Mayank Dagar,Sunrisers Hyderabad,83,66,1,0,3,11.0,7.545454545454546,83.0
Mohammad Asif,Delhi Daredevils,307,199,9,18,8,33.2,9.246987951807228,34.111111111111114
Mohammad Hafeez,Kolkata Knight Riders,71,63,2,10,4,10.5,6.761904761904762,35.5
Mohammad Nabi,Mumbai Indians,110,74,2,1,6,12.3,8.94308943089431,55.0
Mohammad Nabi,Sunrisers Hyderabad,417,345,13,12,17,57.5,7.252173913043478,32.07692307692308
Mohammed Shami,Delhi Daredevils,1025,687,29,70,32,114.5,8.951965065502183,35.3448275862069
Mohammed Shami,Gujarat Titans,1023,781,49,60,33,130.2,7.857142857142858,20.877551020408163
Mohammed Shami,Kings XI Punjab,959,673,45,50,28,112.2,8.547237076648841,21.31111111111111
Mohammed Shami,Kolkata Knight Riders,79,57,1,8,3,9.5,8.31578947368421,79.0
Mohammed Shami,Punjab Kings,400,323,20,12,14,53.8,7.434944237918216,20.0
Mohammed Shami,Sunrisers Hyderabad,33,19,1,1,1,3.2,10.3125,33.0
Mohammed Siraj,Royal Challengers Bangalore,2173,1590,71,175,73,265.0,8.2,30.6056338028169
Mohammed Siraj,Royal Challengers Bengaluru,507,350,15,38,14,58.3,8.696397941680962,33.8
Mohammed Siraj,Sunrisers Hyderabad,214,141,10,5,6,23.5,9.106382978723405,21.4
Mohit Rathee,Punjab Kings,29,12,0,0,1,2.0,14.5,29.0
Mohsin Khan,Lucknow Super Giants,698,507,27,35,23,84.5,8.2603550295858,25.85185185185185
Monu Kumar,Chennai Super Kings,20,16,0,4,1,2.7,7.4074074074074066,20.0
Mujeeb Ur Rahman,Kings XI Punjab,568,426,18,31,18,71.0,8.0,31.555555555555557
Mujeeb Ur Rahman,Sunrisers Hyderabad,30,26,2,3,1,4.3,6.976744186046512,15.0
Mukesh Choudhary,Chennai Super Kings,452,298,16,20,14,49.7,9.09456740442656,28.25
Mukesh Kumar,Delhi Capitals,707,420,31,34,20,70.0,10.1,22.806451612903224
Mustafizur Rahman,Chennai Super Kings,324,225,14,25,9,37.5,8.64,23.142857142857142
Mustafizur Rahman,Delhi Capitals,327,241,10,11,10,40.2,8.134328358208954,32.7
Mustafizur Rahman,Mumbai Indians,232,167,9,4,7,27.8,8.345323741007194,25.77777777777778
Mustafizur Rahman,Rajasthan Royals,448,327,18,32,14,54.5,8.220183486238533,24.88888888888889
Mustafizur Rahman,Sunrisers Hyderabad,461,393,19,17,17,65.5,7.038167938931298,24.263157894736842
N Burger,Rajasthan Royals,152,105,7,14,5,17.5,8.685714285714285,21.714285714285715
N Rana,Kolkata Knight Riders,250,179,10,6,23,29.8,8.389261744966444,25.0
N Rana,Mumbai Indians,3,6,0,0,1,1.0,3.0,3.0
N Rana,Rajasthan Royals,9,6,0,0,1,1.0,9.0,9.0
N Thushara,Mumbai Indians,259,172,8,20,7,28.7,9.02439024390244,32.375
N Wadhera,Mumbai Indians,13,12,0,0,1,2.0,6.5,13.0
NA Saini,Rajasthan Royals,35,15,0,4,1,2.5,14.0,35.0
NB Singh,Gujarat Lions,18,25,1,4,2,4.2,4.285714285714286,18.0
ND Doshi,Rajasthan Royals,62,32,1,0,3,5.3,11.69811320754717,62.0
ND Doshi,Royal Challengers Bangalore,17,25,1,1,1,4.2,4.0476190476190474,17.0
NJ Rimmington,Kings XI Punjab,20,18,0,1,1,3.0,6.666666666666667,20.0
NL McCullum,Pune Warriors,35,30,0,1,2,5.0,7.0,35.0
NLTC Perera,Chennai Super Kings,19,6,0,0,1,1.0,19.0,19.0
NLTC Perera,Kings XI Punjab,55,37,1,1,2,6.2,8.870967741935484,55.0
NLTC Perera,Kochi Tuskers Kerala,114,86,5,5,4,14.3,7.972027972027972,22.8
NLTC Perera,Mumbai Indians,27,15,0,0,2,2.5,10.8,27.0
NLTC Perera,Rising Pune Supergiants,326,202,10,3,11,33.7,9.673590504451038,32.6
NLTC Perera,Sunrisers Hyderabad,490,369,21,24,16,61.5,7.967479674796748,23.333333333333332
NM Coulter-Nile,Delhi Daredevils,478,383,22,30,16,63.8,7.492163009404389,21.727272727272727
NM Coulter-Nile,Kolkata Knight Riders,232,178,16,12,8,29.7,7.811447811447811,14.5
NM Coulter-Nile,Mumbai Indians,366,311,14,17,13,51.8,7.065637065637066,26.142857142857142
NM Coulter-Nile,Rajasthan Royals,49,20,0,3,1,3.3,14.84848484848485,49.0
NT Ellis,Chennai Super Kings,39,25,1,2,1,4.2,9.285714285714285,39.0
NT Ellis,Punjab Kings,514,365,19,18,16,60.8,8.453947368421053,27.05263157894737
Naman Dhir,Mumbai Indians,67,47,1,1,4,7.8,8.58974358974359,67.0
Navdeep Saini,Rajasthan Royals,113,64,6,5,3,10.7,10.560747663551403,18.833333333333332
Navdeep Saini,Royal Challengers Bangalore,855,618,20,52,28,103.0,8.300970873786408,42.75
Naveen-ul-Haq,Lucknow Super Giants,602,407,26,31,17,67.8,8.87905604719764,23.153846153846153
Nithish Kumar Reddy,Sunrisers Hyderabad,208,118,4,10,9,19.7,10.558375634517766,52.0
Noor Ahmad,Chennai Super Kings,22,27,4,7,1,4.5,4.888888888888889,5.5
Noor Ahmad,Gujarat Titans,672,513,24,35,23,85.5,7.859649122807017,28.0
O Thomas,Rajasthan Royals,85,63,5,9,4,10.5,8.095238095238095,17.0
OC McCoy,Rajasthan Royals,255,180,11,24,8,30.0,8.5,23.181818181818183
OF Smith,Punjab Kings,179,95,7,6,6,15.8,11.329113924050633,25.571428571428573
P Amarnath,Chennai Super Kings,241,132,7,5,6,22.0,10.954545454545455,34.42857142857143
P Awana,Kings XI Punjab,1046,774,43,46,33,129.0,8.108527131782946,24.325581395348838
P Dubey,Delhi Capitals,91,67,1,1,4,11.2,8.125,91.0
P Kumar,Gujarat Lions,562,427,16,39,22,71.2,7.893258426966292,35.125
P Kumar,Kings XI Punjab,1192,1032,35,91,44,172.0,6.930232558139535,34.05714285714286
P Kumar,Mumbai Indians,81,73,4,4,3,12.2,6.639344262295082,20.25
P Kumar,Royal Challengers Bangalore,1169,875,40,79,38,145.8,8.017832647462276,29.225
P Kumar,Sunrisers Hyderabad,338,230,7,23,12,38.3,8.825065274151436,48.285714285714285
P Negi,Chennai Super Kings,335,226,8,12,12,37.7,8.885941644562333,41.875
P Negi,Delhi Daredevils,265,213,9,4,12,35.5,7.464788732394366,29.444444444444443
P Negi,Royal Challengers Bangalore,354,294,21,16,18,49.0,7.224489795918367,16.857142857142858
P Parameswaran,Kochi Tuskers Kerala,137,97,4,3,5,16.2,8.456790123456791,34.25
P Parameswaran,Royal Challengers Bangalore,89,62,5,4,3,10.3,8.640776699029125,17.8
P Prasanth,Kochi Tuskers Kerala,18,6,0,0,1,1.0,18.0,18.0
P Ray Barman,Royal Challengers Bangalore,56,24,0,0,1,4.0,14.0,56.0
P Sahu,Kings XI Punjab,152,107,3,8,5,17.8,8.539325842696629,50.666666666666664
P Suyal,Mumbai Indians,154,107,2,14,5,17.8,8.651685393258427,77.0
PC Valthaty,Kings XI Punjab,207,153,7,8,10,25.5,8.117647058823529,29.571428571428573
PD Collingwood,Delhi Daredevils,101,90,5,1,6,15.0,6.733333333333333,20.2
PH Solanki,Chennai Super Kings,39,36,2,1,2,6.0,6.5,19.5
PJ Cummins,Delhi Daredevils,393,289,16,32,12,48.2,8.153526970954356,24.5625
PJ Cummins,Kolkata Knight Riders,1012,706,32,77,30,117.7,8.598130841121495,31.625
PJ Cummins,Sunrisers Hyderabad,631,401,18,17,17,66.8,9.446107784431138,35.05555555555556
PJ Sangwan,Delhi Daredevils,855,651,34,67,28,108.5,7.880184331797235,25.147058823529413
PJ Sangwan,Gujarat Lions,232,135,6,5,7,22.5,10.311111111111112,38.666666666666664
PJ Sangwan,Gujarat Titans,66,56,3,3,3,9.3,7.096774193548386,22.0
PJ Sangwan,Kolkata Knight Riders,94,51,1,9,3,8.5,11.058823529411764,94.0
PJ Sangwan,Mumbai Indians,20,12,0,1,1,2.0,10.0,20.0
PM Sarvesh Kumar,Deccan Chargers,42,31,1,1,2,5.2,8.076923076923077,42.0
PP Chawla,Chennai Super Kings,191,128,7,2,7,21.3,8.967136150234742,27.285714285714285
PP Chawla,Kings XI Punjab,2284,1806,89,92,87,301.0,7.588039867109635,25.662921348314608
PP Chawla,Kolkata Knight Riders,1855,1351,68,40,69,225.2,8.237122557726465,27.279411764705884
PP Chawla,Mumbai Indians,849,610,37,18,28,101.7,8.348082595870206,22.945945945945947
PP Ojha,Deccan Chargers,1378,1147,66,90,53,191.2,7.2071129707112975,20.87878787878788
PP Ojha,Mumbai Indians,1021,798,33,48,37,133.0,7.676691729323308,30.939393939393938
PV Tambe,Gujarat Lions,143,97,5,1,7,16.2,8.827160493827162,28.6
PV Tambe,Rajasthan Royals,723,577,23,31,26,96.2,7.515592515592515,31.434782608695652
PVD Chameera,Kolkata Knight Riders,49,19,0,2,1,3.2,15.3125,49.0
PVD Chameera,Lucknow Super Giants,393,278,11,27,12,46.3,8.488120950323975,35.72727272727273
PVSN Raju,Mumbai Indians,13,7,0,1,1,1.2,10.833333333333334,13.0
PWH de Silva,Royal Challengers Bangalore,758,557,36,17,26,92.8,8.168103448275863,21.055555555555557
Pankaj Singh,Rajasthan Royals,324,215,7,7,12,35.8,9.050279329608939,46.285714285714285
Pankaj Singh,Royal Challengers Bangalore,148,96,4,12,5,16.0,9.25,37.0
Parvez Rasool,Pune Warriors,29,30,1,1,2,5.0,5.8,29.0
Parvez Rasool,Royal Challengers Bangalore,130,84,1,1,4,14.0,9.285714285714286,130.0
Parvez Rasool,Sunrisers Hyderabad,114,86,2,3,5,14.3,7.972027972027972,57.0
R Ashwin,Chennai Super Kings,2262,2105,100,121,95,350.8,6.448118586088939,22.62
R Ashwin,Delhi Capitals,727,590,23,21,28,98.3,7.395727365208545,31.608695652173914
R Ashwin,Kings XI Punjab,811,656,28,24,28,109.3,7.419945105215005,28.964285714285715
R Ashwin,Rajasthan Royals,1345,1074,37,69,44,179.0,7.5139664804469275,36.351351351351354
R Ashwin,Rising Pune Supergiants,321,278,11,22,14,46.3,6.93304535637149,29.181818181818183
R Bhatia,Delhi Daredevils,474,365,23,22,21,60.8,7.796052631578948,20.608695652173914
R Bhatia,Kolkata Knight Riders,947,783,38,31,43,130.5,7.256704980842912,24.92105263157895
R Bhatia,Rajasthan Royals,334,262,13,9,14,43.7,7.643020594965675,25.692307692307693
R Bhatia,Rising Pune Supergiant,55,43,2,2,3,7.2,7.638888888888888,27.5
R Bhatia,Rising Pune Supergiants,249,208,6,9,10,34.7,7.17579250720461,41.5
R Dhawan,Kings XI Punjab,540,418,18,38,20,69.7,7.747489239598278,30.0
R Dhawan,Mumbai Indians,115,95,2,11,5,15.8,7.2784810126582276,57.5
R Dhawan,Punjab Kings,267,180,7,22,11,30.0,8.9,38.142857142857146
R Goyal,Mumbai Indians,34,24,0,1,1,4.0,8.5,34.0
R McLaren,Kings XI Punjab,182,111,5,7,6,18.5,9.837837837837839,36.4
R McLaren,Kolkata Knight Riders,95,46,4,9,2,7.7,12.337662337662337,23.75
R McLaren,Mumbai Indians,281,215,5,22,10,35.8,7.849162011173185,56.2
R Ninan,Royal Challengers Bangalore,65,36,3,0,2,6.0,10.833333333333334,21.666666666666668
R Parag,Rajasthan Royals,307,181,5,7,21,30.2,10.165562913907285,61.4
R Powell,Delhi Capitals,35,21,1,3,2,3.5,10.0,35.0
R Rampaul,Royal Challengers Bangalore,319,278,17,20,12,46.3,6.889848812095033,18.764705882352942
R Ravindra,Chennai Super Kings,7,12,0,0,2,2.0,3.5,7.0
R Sai Kishore,Gujarat Titans,259,191,13,6,10,31.8,8.144654088050315,19.923076923076923
R Sanjay Yadav,Mumbai Indians,23,14,0,2,1,2.3,10.0,23.0
R Sathish,Kings XI Punjab,52,24,1,1,3,4.0,13.0,52.0
R Sathish,Kolkata Knight Riders,59,38,2,2,3,6.3,9.365079365079366,29.5
R Sathish,Mumbai Indians,122,82,3,3,8,13.7,8.905109489051096,40.666666666666664
R Sharma,Deccan Chargers,170,126,6,5,6,21.0,8.095238095238095,28.333333333333332
R Sharma,Delhi Daredevils,65,36,1,0,2,6.0,10.833333333333334,65.0
R Sharma,Pune Warriors,865,773,35,16,36,128.8,6.71583850931677,24.714285714285715
R Shepherd,Mumbai Indians,162,76,2,8,5,12.7,12.755905511811024,81.0
R Shepherd,Sunrisers Hyderabad,98,57,4,5,3,9.5,10.31578947368421,24.5
R Shukla,Delhi Daredevils,105,58,3,11,3,9.7,10.824742268041238,35.0
R Shukla,Mumbai Indians,32,19,0,2,1,3.2,10.0,32.0
R Shukla,Rajasthan Royals,80,53,4,6,3,8.8,9.09090909090909,20.0
R Tewatia,Delhi Capitals,42,39,2,1,3,6.5,6.461538461538462,21.0
R Tewatia,Delhi Daredevils,174,134,6,3,8,22.3,7.802690582959641,29.0
R Tewatia,Gujarat Titans,91,50,1,1,7,8.3,10.963855421686747,91.0
R Tewatia,Kings XI Punjab,51,55,3,3,3,9.2,5.543478260869565,17.0
R Tewatia,Rajasthan Royals,759,588,24,21,31,98.0,7.744897959183674,31.625
R Vinay Kumar,Kochi Tuskers Kerala,345,278,17,20,13,46.3,7.451403887688985,20.294117647058822
R Vinay Kumar,Kolkata Knight Riders,359,219,12,17,11,36.5,9.835616438356164,29.916666666666668
R Vinay Kumar,Mumbai Indians,467,342,15,15,17,57.0,8.192982456140351,31.133333333333333
R Vinay Kumar,Royal Challengers Bangalore,1870,1347,83,64,63,224.5,8.329621380846325,22.53012048192771
RA Jadeja,Chennai Super Kings,3782,3019,139,98,160,503.2,7.515898251192369,27.20863309352518
RA Jadeja,Gujarat Lions,672,476,14,19,26,79.3,8.474148802017655,48.0
RA Jadeja,Kochi Tuskers Kerala,307,261,9,13,14,43.5,7.057471264367816,34.111111111111114
RA Jadeja,Rajasthan Royals,177,157,7,10,12,26.2,6.755725190839695,25.285714285714285
RA Shaikh,Mumbai Indians,11,6,0,0,1,1.0,11.0,11.0
RA Tripathi,Rising Pune Supergiant,12,6,0,0,1,1.0,12.0,12.0
RD Chahar,Mumbai Indians,1073,871,42,27,39,145.2,7.389807162534436,25.547619047619047
RD Chahar,Punjab Kings,1033,780,32,31,36,130.0,7.946153846153846,32.28125
RD Chahar,Rising Pune Supergiant,59,46,2,5,2,7.7,7.662337662337662,29.5
RE van der Merwe,Delhi Daredevils,225,219,14,6,10,36.5,6.164383561643835,16.071428571428573
RE van der Merwe,Royal Challengers Bangalore,290,236,11,23,11,39.3,7.3791348600508915,26.363636363636363
RG More,Chennai Super Kings,63,37,1,6,2,6.2,10.161290322580644,63.0
RG Sharma,Deccan Chargers,348,284,15,18,22,47.3,7.357293868921777,23.2
RG Sharma,Mumbai Indians,114,65,1,6,10,10.8,10.555555555555555,114.0
RJ Gleeson,Chennai Super Kings,72,51,1,5,2,8.5,8.470588235294118,72.0
RJ Harris,Deccan Chargers,474,387,21,34,16,64.5,7.348837209302325,22.571428571428573
RJ Harris,Kings XI Punjab,611,478,26,53,21,79.7,7.66624843161857,23.5
RJ Peterson,Mumbai Indians,70,48,3,0,4,8.0,8.75,23.333333333333332
RJW Topley,Royal Challengers Bangalore,14,12,1,0,1,2.0,7.0,14.0
RJW Topley,Royal Challengers Bengaluru,168,95,4,5,4,15.8,10.632911392405063,42.0
RN ten Doeschate,Kolkata Knight Riders,94,83,3,6,10,13.8,6.811594202898551,31.333333333333332
RP Meredith,Mumbai Indians,450,307,17,37,13,51.2,8.7890625,26.470588235294116
RP Meredith,Punjab Kings,171,108,4,12,5,18.0,9.5,42.75
RP Singh,Deccan Chargers,1274,973,57,102,42,162.2,7.854500616522812,22.350877192982455
RP Singh,Kochi Tuskers Kerala,365,314,15,34,14,52.3,6.9789674952198855,24.333333333333332
RP Singh,Mumbai Indians,328,260,11,25,11,43.3,7.575057736720555,29.818181818181817
RP Singh,Rising Pune Supergiants,114,76,3,7,4,12.7,8.976377952755906,38.0
RP Singh,Royal Challengers Bangalore,336,251,14,13,11,41.8,8.038277511961724,24.0
RR Bhatkal,Royal Challengers Bangalore,35,12,0,0,1,2.0,17.5,35.0
RR Bose,Kings XI Punjab,24,12,0,0,1,2.0,12.0,24.0
RR Powar,Kings XI Punjab,426,371,13,37,21,61.8,6.893203883495146,32.76923076923077
RR Powar,Kochi Tuskers Kerala,112,72,2,0,5,12.0,9.333333333333334,56.0
RR Raje,Mumbai Indians,214,144,7,14,10,24.0,8.916666666666666,30.571428571428573
RS Bopara,Kings XI Punjab,137,90,5,14,7,15.0,9.133333333333333,27.4
RS Bopara,Sunrisers Hyderabad,164,123,8,11,7,20.5,8.0,20.5
RS Gavaskar,Kolkata Knight Riders,8,6,0,0,1,1.0,8.0,8.0
RS Hangargekar,Chennai Super Kings,60,43,3,7,2,7.2,8.333333333333334,20.0
RV Gomez,Kochi Tuskers Kerala,125,91,5,2,8,15.2,8.223684210526317,25.0
RV Gomez,Pune Warriors,5,6,1,0,1,1.0,5.0,5.0
RV Patel,Delhi Capitals,22,20,0,2,1,3.3,6.666666666666667,22.0
RW Price,Mumbai Indians,33,18,0,0,1,3.0,11.0,33.0
Ramandeep Singh,Kolkata Knight Riders,9,4,0,0,1,0.7,12.857142857142858,9.0
Ramandeep Singh,Mumbai Indians,55,41,6,6,3,6.8,8.088235294117647,9.166666666666666
Rashid Khan,Gujarat Titans,1357,1055,58,29,45,175.8,7.718998862343572,23.396551724137932
Rashid Khan,Sunrisers Hyderabad,1983,1846,99,89,76,307.7,6.444588885277868,20.03030303030303
Rasikh Salam,Delhi Capitals,271,156,9,11,8,26.0,10.423076923076923,30.11111111111111
Rasikh Salam,Kolkata Knight Riders,28,24,0,0,2,4.0,7.0,28.0
Rasikh Salam,Mumbai Indians,42,27,0,3,1,4.5,9.333333333333334,42.0
Rasikh Salam,Royal Challengers Bengaluru,36,20,1,3,1,3.3,10.90909090909091,36.0
Ravi Bishnoi,Kings XI Punjab,381,318,14,19,14,53.0,7.188679245283019,27.214285714285715
Ravi Bishnoi,Lucknow Super Giants,1240,922,41,43,42,153.7,8.067664281067014,30.24390243902439
Ravi Bishnoi,Punjab Kings,240,220,13,15,9,36.7,6.539509536784741,18.46153846153846
S Aravind,Royal Challengers Bangalore,1057,788,48,50,38,131.3,8.050266565118049,22.020833333333332
S Badree,Chennai Super Kings,103,87,2,13,4,14.5,7.103448275862069,51.5
S Badree,Rajasthan Royals,35,25,0,2,1,4.2,8.333333333333332,35.0
S Badree,Royal Challengers Bangalore,191,151,9,5,7,25.2,7.57936507936508,21.22222222222222
S Dhawan,Deccan Chargers,72,49,4,7,6,8.2,8.78048780487805,18.0
S Dube,Chennai Super Kings,54,20,1,6,3,3.3,16.363636363636363,54.0
S Dube,Rajasthan Royals,53,31,0,5,4,5.2,10.192307692307692,53.0
S Dube,Royal Challengers Bangalore,83,66,5,4,7,11.0,7.545454545454546,16.6
S Gopal,Mumbai Indians,222,158,10,2,9,26.3,8.441064638783269,22.2
S Gopal,Rajasthan Royals,1102,824,42,16,41,137.3,8.026219956300071,26.238095238095237
S Gopal,Sunrisers Hyderabad,34,18,1,0,1,3.0,11.333333333333334,34.0
S Joseph,Lucknow Super Giants,51,30,0,14,1,5.0,10.2,51.0
S Kaul,Delhi Daredevils,308,215,7,22,11,35.8,8.603351955307263,44.0
S Kaul,Royal Challengers Bangalore,43,24,0,0,1,4.0,10.75,43.0
S Kaul,Sunrisers Hyderabad,1421,999,56,44,43,166.5,8.534534534534535,25.375
S Kaushik,Gujarat Lions,304,210,6,13,10,35.0,8.685714285714285,50.666666666666664
S Ladda,Delhi Daredevils,144,92,4,3,5,15.3,9.411764705882353,36.0
S Ladda,Gujarat Lions,21,12,0,0,1,2.0,10.5,21.0
S Ladda,Kolkata Knight Riders,60,37,1,1,3,6.2,9.67741935483871,60.0
S Lamichhane,Delhi Capitals,211,138,9,1,6,23.0,9.173913043478262,23.444444444444443
S Lamichhane,Delhi Daredevils,86,73,5,5,3,12.2,7.049180327868853,17.2
S Midhun,Rajasthan Royals,29,13,0,3,1,2.2,13.18181818181818,29.0
S Nadeem,Delhi Daredevils,1494,1229,44,40,59,204.8,7.294921875,33.95454545454545
S Nadeem,Sunrisers Hyderabad,306,215,10,7,11,35.8,8.547486033519554,30.6
S Narwal,Kolkata Knight Riders,17,14,0,2,1,2.3,7.391304347826088,17.0
S Narwal,Rajasthan Royals,186,99,6,6,5,16.5,11.272727272727273,31.0
S Rana,Pune Warriors,2,4,0,0,1,0.7,2.857142857142857,2.0
S Rana,Royal Challengers Bangalore,16,12,0,0,2,2.0,8.0,16.0
S Randiv,Chennai Super Kings,223,180,8,6,8,30.0,7.433333333333334,27.875
S Sandeep Warrier,Gujarat Titans,122,70,6,7,5,11.7,10.427350427350428,20.333333333333332
S Sandeep Warrier,Kolkata Knight Riders,135,106,2,5,5,17.7,7.627118644067797,67.5
S Sreesanth,Kings XI Punjab,838,605,30,72,28,100.8,8.313492063492063,27.933333333333334
S Sreesanth,Kochi Tuskers Kerala,212,206,7,22,9,34.3,6.180758017492712,30.285714285714285
S Sreesanth,Rajasthan Royals,171,136,6,15,7,22.7,7.533039647577093,28.5
S Sriram,Delhi Daredevils,25,6,0,0,1,1.0,25.0,25.0
S Sriram,Royal Challengers Bangalore,24,12,0,0,1,2.0,12.0,24.0
S Tyagi,Chennai Super Kings,304,220,6,20,14,36.7,8.283378746594005,50.666666666666664
S Vidyut,Chennai Super Kings,22,13,1,1,1,2.2,10.0,22.0
SA Abbott,Royal Challengers Bangalore,57,32,0,2,2,5.3,10.754716981132075,57.0
SA Abbott,Sunrisers Hyderabad,47,27,1,3,1,4.5,10.444444444444445,47.0
SA Yadav,Kolkata Knight Riders,8,6,0,0,1,1.0,8.0,8.0
SB Bangar,Deccan Chargers,221,153,6,9,9,25.5,8.666666666666666,36.833333333333336
SB Jakati,Chennai Super Kings,1200,924,48,40,48,154.0,7.792207792207792,25.0
SB Jakati,Gujarat Lions,233,155,2,12,8,25.8,9.031007751937985,116.5
SB Jakati,Royal Challengers Bangalore,41,22,0,0,1,3.7,11.08108108108108,41.0
SB Joshi,Royal Challengers Bangalore,82,55,1,0,4,9.2,8.913043478260871,82.0
SB Styris,Chennai Super Kings,13,6,0,0,1,1.0,13.0,13.0
SB Styris,Deccan Chargers,265,216,9,8,10,36.0,7.361111111111111,29.444444444444443
SB Wagh,Pune Warriors,131,102,4,16,7,17.0,7.705882352941177,32.75
SB Wagh,Rajasthan Royals,16,6,1,0,1,1.0,16.0,16.0
SC Ganguly,Kolkata Knight Riders,273,219,9,8,16,36.5,7.47945205479452,30.333333333333332
SC Ganguly,Pune Warriors,97,61,3,3,4,10.2,9.509803921568627,32.333333333333336
SC Kuggeleijn,Chennai Super Kings,71,50,2,2,2,8.3,8.55421686746988,35.5
SD Chitnis,Mumbai Indians,62,38,2,8,2,6.3,9.841269841269842,31.0
SE Bond,Kolkata Knight Riders,225,191,9,7,8,31.8,7.0754716981132075,25.0
SE Rutherford,Delhi Capitals,60,46,1,6,6,7.7,7.792207792207792,60.0
SH Johnson,Gujarat Titans,155,99,4,7,5,16.5,9.393939393939394,38.75
SH Johnson,Kolkata Knight Riders,32,14,0,1,1,2.3,13.913043478260871,32.0
SJ Srivastava,Kings XI Punjab,444,306,15,35,14,51.0,8.705882352941176,29.6
SK Raina,Chennai Super Kings,953,797,29,40,59,132.8,7.176204819277108,32.86206896551724
SK Raina,Gujarat Lions,186,133,1,3,10,22.2,8.378378378378379,186.0
SK Trivedi,Rajasthan Royals,1944,1557,73,104,75,259.5,7.491329479768786,26.63013698630137
SK Warne,Rajasthan Royals,1465,1223,60,57,54,203.8,7.188420019627085,24.416666666666668
SL Malinga,Mumbai Indians,3486,2974,188,292,122,495.7,7.032479322170668,18.54255319148936
SM Boland,Rising Pune Supergiants,56,43,3,3,2,7.2,7.777777777777778,18.666666666666668
SM Curran,Chennai Super Kings,693,480,24,32,23,80.0,8.6625,28.875
SM Curran,Kings XI Punjab,325,207,11,11,9,34.5,9.420289855072463,29.545454545454547
SM Curran,Punjab Kings,919,553,27,34,27,92.2,9.967462039045554,34.03703703703704
SM Harwood,Rajasthan Royals,74,67,3,13,3,11.2,6.607142857142858,24.666666666666668
SM Pollock,Mumbai Indians,307,280,13,10,13,46.7,6.573875802997859,23.615384615384617
SMSM Senanayake,Kolkata Knight Riders,211,195,9,5,8,32.5,6.492307692307692,23.444444444444443
SN Khan,Kings XI Punjab,6,2,0,0,1,0.3,20.0,6.0
SN Thakur,Chennai Super Kings,1843,1273,63,90,56,212.2,8.685202639019794,29.253968253968253
SN Thakur,Delhi Capitals,485,315,16,42,14,52.5,9.238095238095237,30.3125
SN Thakur,Kings XI Punjab,39,20,1,3,1,3.3,11.818181818181818,39.0
SN Thakur,Kolkata Knight Riders,222,132,7,8,9,22.0,10.090909090909092,31.714285714285715
SN Thakur,Rising Pune Supergiant,319,239,13,18,12,39.8,8.015075376884422,24.53846153846154
SP Narine,Kolkata Knight Riders,4700,4170,201,181,176,695.0,6.762589928057554,23.383084577114428
SPD Smith,Pune Warriors,5,2,0,0,1,0.3,16.666666666666668,5.0
SR Tendulkar,Mumbai Indians,59,37,0,2,4,6.2,9.516129032258064,59.0
SR Watson,Chennai Super Kings,252,176,7,9,11,29.3,8.600682593856655,36.0
SR Watson,Rajasthan Royals,1754,1436,72,130,70,239.3,7.329711659005432,24.36111111111111
SR Watson,Royal Challengers Bangalore,736,525,28,32,24,87.5,8.411428571428571,26.285714285714285
SS Agarwal,Gujarat Lions,42,24,1,0,1,4.0,10.5,42.0
SS Cottrell,Kings XI Punjab,177,131,6,16,6,21.8,8.119266055045872,29.5
SS Iyer,Kolkata Knight Riders,7,6,0,0,1,1.0,7.0,7.0
SS Mundhe,Pune Warriors,6,7,1,1,1,1.2,5.0,6.0
SS Sarkar,Kolkata Knight Riders,34,25,1,0,2,4.2,8.095238095238095,34.0
SSB Magala,Chennai Super Kings,52,37,1,2,2,6.2,8.387096774193548,52.0
ST Jayasuriya,Mumbai Indians,396,301,16,21,21,50.2,7.888446215139441,24.75
STR Binny,Mumbai Indians,9,6,0,0,1,1.0,9.0,9.0
STR Binny,Rajasthan Royals,570,464,23,19,47,77.3,7.373868046571799,24.782608695652176
STR Binny,Royal Challengers Bangalore,184,141,5,3,15,23.5,7.829787234042553,36.8
SW Tait,Rajasthan Royals,668,534,26,111,21,89.0,7.50561797752809,25.692307692307693
SZ Mulani,Mumbai Indians,57,33,0,3,2,5.5,10.363636363636363,57.0
Sachin Baby,Royal Challengers Bangalore,8,10,3,0,2,1.7,4.705882352941177,2.6666666666666665
Sandeep Sharma,Kings XI Punjab,1623,1273,76,84,56,212.2,7.648444863336476,21.355263157894736
Sandeep Sharma,Punjab Kings,156,126,3,10,5,21.0,7.428571428571429,52.0
Sandeep Sharma,Rajasthan Royals,763,550,31,27,23,91.7,8.320610687022901,24.612903225806452
Sandeep Sharma,Sunrisers Hyderabad,1267,1000,44,32,43,166.7,7.600479904019196,28.795454545454547
Shahbaz Ahmed,Royal Challengers Bangalore,573,383,14,17,27,63.8,8.981191222570533,40.92857142857143
Shahbaz Ahmed,Sunrisers Hyderabad,277,166,7,8,15,27.7,10.0,39.57142857142857
Shahid Afridi,Deccan Chargers,237,185,9,17,10,30.8,7.694805194805195,26.333333333333332
Shakib Al Hasan,Kolkata Knight Riders,1311,1104,53,54,50,184.0,7.125,24.735849056603772
Shakib Al Hasan,Sunrisers Hyderabad,553,411,18,8,20,68.5,8.072992700729927,30.72222222222222
Shashank Singh,Punjab Kings,5,6,1,0,1,1.0,5.0,5.0
Shashank Singh,Sunrisers Hyderabad,20,13,0,1,2,2.2,9.09090909090909,20.0
Shivam Mavi,Kolkata Knight Riders,958,687,33,55,32,114.5,8.366812227074236,29.03030303030303
Shivam Sharma,Kings XI Punjab,165,114,4,0,5,19.0,8.68421052631579,41.25
Shoaib Ahmed,Deccan Chargers,154,103,5,3,7,17.2,8.953488372093023,30.8
Shoaib Akhtar,Kolkata Knight Riders,54,46,5,4,3,7.7,7.012987012987013,10.8
Shoaib Malik,Delhi Daredevils,87,58,2,10,5,9.7,8.969072164948454,43.5
Sikandar Raza,Punjab Kings,146,88,3,13,7,14.7,9.931972789115648,48.666666666666664
Simarjeet Singh,Chennai Super Kings,265,193,10,23,10,32.2,8.229813664596273,26.5
Simarjeet Singh,Sunrisers Hyderabad,50,21,2,7,1,3.5,14.285714285714286,25.0
Sohail Tanvir,Rajasthan Royals,275,265,24,29,11,44.2,6.221719457013574,11.458333333333334
Sumit Kumar,Delhi Capitals,38,22,0,2,2,3.7,10.27027027027027,38.0
Sunny Gupta,Delhi Daredevils,47,19,0,2,1,3.2,14.6875,47.0
Suyash Sharma,Kolkata Knight Riders,381,264,11,15,13,44.0,8.659090909090908,34.63636363636363
Suyash Sharma,Royal Challengers Bengaluru,47,25,1,1,1,4.2,11.19047619047619,47.0
Swapnil Singh,Kings XI Punjab,90,61,1,1,5,10.2,8.823529411764707,90.0
Swapnil Singh,Lucknow Super Giants,18,12,0,0,2,2.0,9.0,18.0
Swapnil Singh,Royal Challengers Bengaluru,133,92,6,2,7,15.3,8.69281045751634,22.166666666666668
T Henderson,Rajasthan Royals,41,36,1,1,2,6.0,6.833333333333333,41.0
T Natarajan,Kings XI Punjab,116,82,2,7,6,13.7,8.467153284671534,58.0
T Natarajan,Sunrisers Hyderabad,1885,1319,74,94,55,219.8,8.575978161965423,25.472972972972972
T Shamsi,Rajasthan Royals,34,24,0,0,1,4.0,8.5,34.0
T Shamsi,Royal Challengers Bangalore,151,96,3,4,4,16.0,9.4375,50.333333333333336
T Stubbs,Delhi Capitals,15,13,3,1,2,2.2,6.8181818181818175,5.0
T Stubbs,Mumbai Indians,14,12,1,0,1,2.0,7.0,14.0
T Thushara,Chennai Super Kings,164,144,10,12,6,24.0,6.833333333333333,16.4
TA Boult,Delhi Capitals,163,120,5,7,5,20.0,8.15,32.6
TA Boult,Delhi Daredevils,476,327,20,22,14,54.5,8.73394495412844,23.8
TA Boult,Kolkata Knight Riders,222,148,5,11,6,24.7,8.987854251012147,44.4
TA Boult,Mumbai Indians,909,690,40,24,30,115.0,7.904347826086957,22.725
TA Boult,Rajasthan Royals,1265,955,47,67,41,159.2,7.945979899497488,26.914893617021278
TA Boult,Sunrisers Hyderabad,278,207,11,19,8,34.5,8.057971014492754,25.272727272727273
TG Southee,Chennai Super Kings,167,119,4,6,5,19.8,8.434343434343434,41.75
TG Southee,Kolkata Knight Riders,458,330,23,21,14,55.0,8.327272727272728,19.91304347826087
TG Southee,Mumbai Indians,430,334,12,21,14,55.7,7.719928186714542,35.833333333333336
TG Southee,Rajasthan Royals,333,238,9,20,10,39.7,8.387909319899244,37.0
TG Southee,Royal Challengers Bangalore,386,241,9,24,11,40.2,9.601990049751244,42.888888888888886
TK Curran,Delhi Capitals,104,72,4,4,3,12.0,8.666666666666666,26.0
TK Curran,Kolkata Knight Riders,118,64,6,3,5,10.7,11.02803738317757,19.666666666666668
TK Curran,Rajasthan Royals,210,116,3,9,5,19.3,10.880829015544041,70.0
TL Suman,Deccan Chargers,132,104,6,2,7,17.3,7.630057803468207,22.0
TL Suman,Mumbai Indians,50,36,0,0,3,6.0,8.333333333333334,50.0
TL Suman,Pune Warriors,16,12,1,1,1,2.0,8.0,16.0
TM Dilshan,Delhi Daredevils,172,151,4,1,13,25.2,6.825396825396826,43.0
TM Dilshan,Royal Challengers Bangalore,196,124,1,6,12,20.7,9.468599033816426,196.0
TM Head,Royal Challengers Bangalore,81,48,3,0,5,8.0,10.125,27.0
TM Head,Sunrisers Hyderabad,32,10,0,0,1,1.7,18.823529411764707,32.0
TP Sudhindra,Deccan Chargers,137,74,1,5,3,12.3,11.13821138211382,137.0
TS Mills,Mumbai Indians,192,107,6,8,5,17.8,10.786516853932584,32.0
TS Mills,Royal Challengers Bangalore,157,111,5,13,5,18.5,8.486486486486486,31.4
TU Deshpande,Chennai Super Kings,1082,721,43,82,31,120.2,9.001663893510814,25.162790697674417
TU Deshpande,Delhi Capitals,193,110,3,9,5,18.3,10.546448087431694,64.33333333333333
TU Deshpande,Rajasthan Royals,45,29,3,6,1,4.8,9.375,15.0
Tejas Baroka,Gujarat Lions,33,21,0,0,1,3.5,9.428571428571429,33.0
Tilak Varma,Mumbai Indians,28,23,0,1,4,3.8,7.36842105263158,28.0
UT Yadav,Delhi Daredevils,1356,1017,53,80,46,169.5,8.0,25.58490566037736
UT Yadav,Gujarat Titans,211,129,9,4,7,21.5,9.813953488372093,23.444444444444443
UT Yadav,Kolkata Knight Riders,1990,1429,71,133,67,238.2,8.354324097397146,28.028169014084508
UT Yadav,Royal Challengers Bangalore,885,615,30,40,27,102.5,8.634146341463415,29.5
Umar Gul,Kolkata Knight Riders,198,153,14,32,6,25.5,7.764705882352941,14.142857142857142
Umran Malik,Sunrisers Hyderabad,785,519,31,53,26,86.5,9.07514450867052,25.322580645161292
V Kaverappa,Punjab Kings,36,24,2,0,1,4.0,9.0,18.0
V Kohli,Royal Challengers Bangalore,371,264,5,17,26,44.0,8.431818181818182,74.2
V Pratap Singh,Deccan Chargers,300,211,12,11,9,35.2,8.522727272727272,25.0
V Puthur,Mumbai Indians,32,24,3,0,1,4.0,8.0,10.666666666666666
V Sehwag,Delhi Daredevils,236,138,6,3,15,23.0,10.26086956521739,39.333333333333336
V Shankar,Chennai Super Kings,19,6,0,0,1,1.0,19.0,19.0
V Shankar,Delhi Daredevils,58,34,1,4,4,5.7,10.175438596491228,58.0
V Shankar,Gujarat Titans,15,10,1,1,2,1.7,8.823529411764707,15.0
V Shankar,Sunrisers Hyderabad,252,208,10,16,15,34.7,7.262247838616714,25.2
V Viyaskanth,Sunrisers Hyderabad,90,60,1,4,3,10.0,9.0,90.0
VG Arora,Kolkata Knight Riders,475,327,17,45,16,54.5,8.715596330275229,27.941176470588236
VG Arora,Punjab Kings,165,110,4,4,5,18.3,9.01639344262295,41.25
VR Aaron,Delhi Daredevils,362,269,11,21,11,44.8,8.080357142857144,32.90909090909091
VR Aaron,Gujarat Titans,53,33,2,4,2,5.5,9.636363636363637,26.5
VR Aaron,Kings XI Punjab,170,129,7,16,6,21.5,7.906976744186046,24.285714285714285
VR Aaron,Rajasthan Royals,224,128,4,23,8,21.3,10.516431924882628,56.0
VR Aaron,Royal Challengers Bangalore,718,506,22,62,23,84.3,8.517200474495848,32.63636363636363
VR Iyer,Kolkata Knight Riders,145,84,3,5,9,14.0,10.357142857142858,48.333333333333336
VRV Singh,Kings XI Punjab,549,371,16,18,18,61.8,8.883495145631068,34.3125
VS Malik,Kings XI Punjab,180,132,3,12,9,22.0,8.181818181818182,60.0
VS Malik,Rajasthan Royals,88,80,3,2,4,13.3,6.616541353383458,29.333333333333332
VS Yeligati,Mumbai Indians,61,32,0,8,2,5.3,11.50943396226415,61.0
VY Mahesh,Chennai Super Kings,83,61,3,7,4,10.2,8.137254901960786,27.666666666666668
VY Mahesh,Delhi Daredevils,428,298,19,26,13,49.7,8.611670020120723,22.526315789473685
Vijaykumar Vyshak,Royal Challengers Bangalore,253,153,11,9,7,25.5,9.92156862745098,23.0
Vijaykumar Vyshak,Royal Challengers Bengaluru,143,90,6,4,4,15.0,9.533333333333333,23.833333333333332
Vivrant Sharma,Sunrisers Hyderabad,37,21,0,3,2,3.5,10.571428571428571,37.0
WA Mota,Kings XI Punjab,98,75,4,4,7,12.5,7.84,24.5
WD Parnell,Delhi Daredevils,235,190,7,21,8,31.7,7.413249211356467,33.57142857142857
WD Parnell,Pune Warriors,496,411,24,59,18,68.5,7.240875912408759,20.666666666666668
WD Parnell,Royal Challengers Bangalore,237,157,9,7,7,26.2,9.045801526717558,26.333333333333332
WG Jacks,Mumbai Indians,32,25,1,3,1,4.2,7.619047619047619,32.0
WG Jacks,Royal Challengers Bengaluru,100,55,2,2,5,9.2,10.869565217391305,50.0
WPUJC Vaas,Deccan Chargers,364,288,22,19,13,48.0,7.583333333333333,16.545454545454547
Washington Sundar,Rising Pune Supergiant,189,182,9,6,10,30.3,6.237623762376238,21.0
Washington Sundar,Royal Challengers Bangalore,688,576,20,17,31,96.0,7.166666666666667,34.4
Washington Sundar,Sunrisers Hyderabad,458,306,10,3,17,51.0,8.980392156862745,45.8
Y Gnaneswara Rao,Kochi Tuskers Kerala,7,6,0,0,1,1.0,7.0,7.0
Y Nagar,Delhi Daredevils,125,72,4,8,8,12.0,10.416666666666666,31.25
Y Prithvi Raj,Kolkata Knight Riders,57,33,1,3,2,5.5,10.363636363636363,57.0
Y Venugopal Rao,Deccan Chargers,270,186,7,9,14,31.0,8.709677419354838,38.57142857142857
Y Venugopal Rao,Delhi Daredevils,52,24,0,0,4,4.0,13.0,52.0
Y Venugopal Rao,Sunrisers Hyderabad,16,12,0,0,2,2.0,8.0,16.0
YA Abdulla,Kings XI Punjab,311,222,15,17,11,37.0,8.405405405405405,20.733333333333334
YBK Jaiswal,Rajasthan Royals,6,1,0,0,1,0.2,30.0,6.0
YK Pathan,Kolkata Knight Riders,686,561,22,33,45,93.5,7.336898395721925,31.181818181818183
YK Pathan,Rajasthan Royals,735,605,23,38,35,100.8,7.291666666666667,31.956521739130434
YK Pathan,Sunrisers Hyderabad,22,18,1,0,2,3.0,7.333333333333333,22.0
YS Chahal,Mumbai Indians,35,24,0,1,1,4.0,8.75,35.0
YS Chahal,Rajasthan Royals,1518,1117,70,58,46,186.2,8.152524167561761,21.685714285714287
YS Chahal,Royal Challengers Bangalore,3128,2487,143,144,112,414.5,7.546441495778046,21.874125874125873
Yash Dayal,Gujarat Titans,461,293,15,17,14,48.8,9.446721311475411,30.733333333333334
Yash Dayal,Royal Challengers Bengaluru,497,340,17,38,15,56.7,8.765432098765432,29.235294117647058
Yash Thakur,Lucknow Super Giants,702,432,27,39,19,72.0,9.75,26.0
Yudhvir Singh,Lucknow Super Giants,125,74,4,9,5,12.3,10.16260162601626,31.25
Yuvraj Singh,Delhi Daredevils,75,55,1,4,6,9.2,8.152173913043478,75.0
Yuvraj Singh,Kings XI Punjab,405,329,15,10,27,54.8,7.39051094890511,27.0
Yuvraj Singh,Pune Warriors,345,308,15,3,23,51.3,6.7251461988304095,23.0
Yuvraj Singh,Royal Challengers Bangalore,191,140,6,8,10,23.3,8.197424892703863,31.833333333333332
Yuvraj Singh,Sunrisers Hyderabad,75,50,2,2,7,8.3,9.036144578313252,37.5
Z Khan,Delhi Daredevils,823,672,32,46,30,112.0,7.348214285714286,25.71875
Z Khan,Mumbai Indians,688,565,31,40,26,94.2,7.3036093418259025,22.193548387096776
Z Khan,Royal Challengers Bangalore,1349,1039,56,83,43,173.2,7.788683602771363,24.089285714285715
