team,player_name,player_type,batting_t20_m,batting_t20_inn,batting_t20_runs,batting_t20_bf,batting_t20_hs,batting_t20_avg,batting_t20_sr,batting_t20_no,batting_t20_4s,batting_t20_6s,batting_t20_50,batting_t20_100,batting_t20_200,bowling_t20_m,bowling_t20_inn,bowling_t20_b,bowling_t20_runs,bowling_t20_wkts,bowling_t20_avg,bowling_t20_econ,bowling_t20_sr,bowling_t20_bbi,bowling_t20_bbm,bowling_t20_5w,bowling_t20_10w,batting_ipl_m,batting_ipl_inn,batting_ipl_runs,batting_ipl_bf,batting_ipl_hs,batting_ipl_avg,batting_ipl_sr,batting_ipl_no,batting_ipl_4s,batting_ipl_6s,batting_ipl_50,batting_ipl_100,batting_ipl_200,bowling_ipl_m,bowling_ipl_inn,bowling_ipl_b,bowling_ipl_runs,bowling_ipl_wkts,bowling_ipl_avg,bowling_ipl_econ,bowling_ipl_sr,bowling_ipl_bbi,bowling_ipl_bbm,bowling_ipl_5w,bowling_ipl_10w,batter,avg_dominance,max_boundary_threat,mean_survival_rate,boundary_ratio,economy_impact,value_index
CHE,Vansh Bedi,WK,0,0.0,0.0,0.0,0.0,0.0,0.0,0.0,0.0,0.0,0.0,0.0,0.0,0.0,0.0,0.0,0.0,0.0,0.0,0.0,0.0,-/-,-/-,0.0,0.0,0.0,0.0,0.0,0.0,0.0,0.0,0.0,0.0,0.0,0.0,0.0,0.0,0.0,0.0,0.0,0.0,0.0,0.0,0.0,0.0,0.0,-/-,-/-,0.0,0.0,,0.909519470976666,,,0.0,0.0,0.1
CHE,Andre Siddharth,BAT,0,0.0,0.0,0.0,0.0,0.0,0.0,0.0,0.0,0.0,0.0,0.0,0.0,0.0,0.0,0.0,0.0,0.0,0.0,0.0,0.0,-/-,-/-,0.0,0.0,0.0,0.0,0.0,0.0,0.0,0.0,0.0,0.0,0.0,0.0,0.0,0.0,0.0,0.0,0.0,0.0,0.0,0.0,0.0,0.0,0.0,-/-,-/-,0.0,0.0,,0.909519470976666,,,0.0,0.0,0.1
CHE,Ramakrishna Ghosh,ALL,0,0.0,0.0,0.0,0.0,0.0,0.0,0.0,0.0,0.0,0.0,0.0,0.0,0.0,0.0,0.0,0.0,0.0,0.0,0.0,0.0,-/-,-/-,0.0,0.0,0.0,0.0,0.0,0.0,0.0,0.0,0.0,0.0,0.0,0.0,0.0,0.0,0.0,0.0,0.0,0.0,0.0,0.0,0.0,0.0,0.0,-/-,-/-,0.0,0.0,,0.909519470976666,,,0.0,0.0,0.1
CHE,Shaik Rasheed,BAT,0,0.0,0.0,0.0,0.0,0.0,0.0,0.0,0.0,0.0,0.0,0.0,0.0,0.0,0.0,0.0,0.0,0.0,0.0,0.0,0.0,-/-,-/-,0.0,0.0,0.0,0.0,0.0,0.0,0.0,0.0,0.0,0.0,0.0,0.0,0.0,0.0,0.0,0.0,0.0,0.0,0.0,0.0,0.0,0.0,0.0,-/-,-/-,0.0,0.0,,0.909519470976666,,,0.0,0.0,0.1
CHE,Gurjapneet Singh,BOWL,0,0.0,0.0,0.0,0.0,0.0,0.0,0.0,0.0,0.0,0.0,0.0,0.0,0.0,0.0,0.0,0.0,0.0,0.0,0.0,0.0,-/-,-/-,0.0,0.0,0.0,0.0,0.0,0.0,0.0,0.0,0.0,0.0,0.0,0.0,0.0,0.0,0.0,0.0,0.0,0.0,0.0,0.0,0.0,0.0,0.0,-/-,-/-,0.0,0.0,,0.909519470976666,,,0.0,0.0,0.1
CHE,Matheesha Pathirana,BOWL,19,9.0,17.0,32.0,6.0,3.4,53.13,4.0,1.0,0.0,0.0,0.0,0.0,19.0,18.0,344.0,488.0,30.0,16.27,8.51,11.47,4/24,4/24,0.0,0.0,24.0,0.0,0.0,0.0,0.0,0.0,0.0,0.0,0.0,0.0,0.0,0.0,0.0,24.0,24.0,547.0,739.0,39.0,18.95,8.11,14.03,4/28,4/28,0.0,0.0,,0.909519470976666,,,0.0,4.80887733552684,0.9
CHE,Noor Ahmad,BOWL,14,8.0,41.0,53.0,12.0,6.83,77.36,2.0,1.0,3.0,0.0,0.0,0.0,14.0,13.0,228.0,264.0,7.0,37.71,6.95,32.57,4/10,4/10,0.0,0.0,28.0,8.0,13.0,20.0,7.0,3.25,65.0,4.0,2.0,0.0,0.0,0.0,0.0,28.0,28.0,600.0,809.0,35.0,23.11,8.09,17.14,4/18,4/18,0.0,0.0,,0.909519470976666,,,0.09999999500000024,4.326328266214059,0.9
CHE,Anshul Kamboj,BOWL,0,0.0,0.0,0.0,0.0,0.0,0.0,0.0,0.0,0.0,0.0,0.0,0.0,0.0,0.0,0.0,0.0,0.0,0.0,0.0,0.0,-/-,-/-,0.0,0.0,3.0,1.0,2.0,2.0,2.0,0.0,100.0,1.0,0.0,0.0,0.0,0.0,0.0,3.0,3.0,60.0,114.0,2.0,57.0,11.4,30.0,1/24,1/24,0.0,0.0,,0.909519470976666,,,0.0,0.17543858110187885,0.1
CHE,Nathan Ellis,BOWL,20,6.0,18.0,38.0,11.0,6.0,47.37,3.0,0.0,0.0,0.0,0.0,0.0,20.0,20.0,424.0,541.0,32.0,16.91,7.66,13.25,4/28,4/28,0.0,0.0,17.0,5.0,19.0,25.0,12.0,4.75,76.0,1.0,0.0,1.0,0.0,0.0,0.0,17.0,17.0,378.0,546.0,19.0,28.74,8.67,19.89,4/30,4/30,0.0,0.0,,0.909519470976666,,,0.03999999840000006,2.1914645684585277,0.5598661416346319
CHE,Mukesh Choudhary,BOWL,0,0.0,0.0,0.0,0.0,0.0,0.0,0.0,0.0,0.0,0.0,0.0,0.0,0.0,0.0,0.0,0.0,0.0,0.0,0.0,0.0,-/-,-/-,0.0,0.0,16.0,2.0,6.0,6.0,4.0,6.0,100.0,1.0,1.0,0.0,0.0,0.0,0.0,16.0,16.0,315.0,522.0,17.0,30.71,9.94,18.53,4/46,4/46,0.0,0.0,Mukesh Choudhary,0.7777774629630957,0.33333322222225925,1.0,0.16666663888889352,1.7102613973580085,0.5942319604506345
CHE,Ruturaj Gaikwad,BAT,23,20.0,633.0,441.0,123.0,39.56,143.54,4.0,65.0,24.0,4.0,1.0,0.0,23.0,0.0,0.0,0.0,0.0,0.0,0.0,0.0,-/-,-/-,0.0,0.0,71.0,70.0,2502.0,1820.0,108.0,40.35,137.48,8.0,231.0,95.0,20.0,2.0,0.0,71.0,0.0,0.0,0.0,0.0,0.0,0.0,0.0,-/-,-/-,0.0,0.0,,0.909519470976666,,,0.17912087902246104,0.0,0.1
CHE,Kamlesh Nagarkoti,BOWL,0,0.0,0.0,0.0,0.0,0.0,0.0,0.0,0.0,0.0,0.0,0.0,0.0,0.0,0.0,0.0,0.0,0.0,0.0,0.0,0.0,-/-,-/-,0.0,0.0,12.0,7.0,22.0,33.0,8.0,5.5,66.67,3.0,1.0,0.0,0.0,0.0,0.0,12.0,11.0,180.0,285.0,5.0,57.0,9.5,36.0,2/13,2/13,0.0,0.0,,0.909519470976666,,,0.030303029384756687,0.526315734072028,0.14066984233343402
CHE,Rachin Ravindra,BAT,26,24.0,309.0,242.0,69.0,17.17,127.69,6.0,19.0,14.0,2.0,0.0,0.0,26.0,15.0,246.0,270.0,13.0,20.77,6.59,18.92,3/22,3/22,0.0,0.0,15.0,15.0,367.0,247.0,65.0,26.21,148.59,1.0,35.0,16.0,2.0,0.0,0.0,15.0,2.0,12.0,7.0,0.0,0.0,3.5,0.0,0/3,0/3,0.0,0.0,,0.909519470976666,,,0.20647773195758004,0.0,0.1
CHE,Khaleel Ahmed,BOWL,18,2.0,1.0,2.0,1.0,0.0,50.0,2.0,0.0,0.0,0.0,0.0,0.0,18.0,18.0,396.0,562.0,16.0,35.13,8.52,24.75,2/27,2/27,0.0,0.0,62.0,5.0,1.0,7.0,1.0,0.2,14.29,0.0,0.0,0.0,0.0,0.0,0.0,62.0,62.0,1396.0,2046.0,84.0,24.36,8.79,16.62,3/21,3/21,0.0,0.0,,0.909519470976666,,,0.0,9.556312905993982,0.9
CHE,Shivam Dube,BAT,35,26.0,531.0,379.0,63.0,31.24,140.11,9.0,37.0,28.0,4.0,0.0,0.0,35.0,24.0,285.0,445.0,13.0,34.23,9.37,21.92,3/30,3/30,0.0,0.0,70.0,66.0,1608.0,1098.0,95.0,29.24,146.45,11.0,93.0,108.0,9.0,0.0,0.0,70.0,14.0,112.0,180.0,5.0,36.0,9.64,22.4,2/15,2/15,0.0,0.0,,0.909519470976666,,,0.18306010912289605,0.5186721453659601,0.18458606907835884
CHE,Rahul Tripathi,BAT,5,5.0,97.0,67.0,44.0,19.4,144.78,0.0,11.0,5.0,0.0,0.0,0.0,5.0,0.0,0.0,0.0,0.0,0.0,0.0,0.0,-/-,-/-,0.0,0.0,98.0,96.0,2266.0,1630.0,93.0,26.35,139.02,10.0,227.0,85.0,12.0,0.0,0.0,98.0,1.0,6.0,12.0,0.0,0.0,12.0,0.0,0/12,0/12,0.0,0.0,,0.909519470976666,,,0.1914110428273552,0.0,0.1
CHE,Sam Curran,ALL,58,34.0,356.0,286.0,50.0,14.24,124.48,9.0,21.0,15.0,1.0,0.0,0.0,58.0,57.0,1043.0,1462.0,54.0,27.07,8.41,19.31,5/10,5/10,1.0,0.0,61.0,50.0,895.0,669.0,63.0,24.19,133.79,13.0,74.0,37.0,5.0,0.0,0.0,61.0,60.0,1205.0,1947.0,58.0,33.57,9.69,20.78,4/11,4/11,0.0,0.0,,0.909519470976666,,,0.16591928226319988,5.985551497879103,0.9
CHE,Shreyas Gopal,BOWL,0,0.0,0.0,0.0,0.0,0.0,0.0,0.0,0.0,0.0,0.0,0.0,0.0,0.0,0.0,0.0,0.0,0.0,0.0,0.0,0.0,-/-,-/-,0.0,0.0,52.0,22.0,180.0,169.0,24.0,12.86,106.51,8.0,19.0,2.0,0.0,0.0,0.0,52.0,51.0,991.0,1348.0,52.0,25.92,8.16,19.06,4/16,4/16,0.0,0.0,,0.909519470976666,,,0.12426035429431743,6.372548238658305,0.9
CHE,Deepak Hooda,BAT,21,17.0,368.0,250.0,104.0,30.67,147.2,5.0,29.0,18.0,0.0,1.0,0.0,21.0,8.0,95.0,76.0,6.0,12.67,4.8,15.83,4/10,4/10,0.0,0.0,120.0,98.0,1472.0,1145.0,64.0,17.95,128.56,16.0,97.0,61.0,8.0,0.0,0.0,120.0,33.0,373.0,531.0,10.0,53.1,8.54,37.3,2/16,2/16,0.0,0.0,,0.909519470976666,,,0.13799126625502944,1.1709600502388702,0.33413739243622637
CHE,Devon Conway,WK,50,46.0,1408.0,1102.0,99.0,38.05,127.77,9.0,135.0,37.0,10.0,0.0,0.0,50.0,0.0,0.0,0.0,0.0,0.0,0.0,0.0,-/-,-/-,0.0,0.0,25.0,24.0,1006.0,717.0,92.0,47.9,140.31,3.0,106.0,32.0,10.0,0.0,0.0,25.0,0.0,0.0,0.0,0.0,0.0,0.0,0.0,-/-,-/-,0.0,0.0,,0.909519470976666,,,0.1924686189784259,0.0,0.1
CHE,Jamie Overton,ALL,12,8.0,50.0,47.0,19.0,8.33,106.39,2.0,3.0,1.0,0.0,0.0,0.0,12.0,8.0,136.0,186.0,11.0,16.91,8.21,12.36,3/20,3/20,0.0,0.0,1.0,1.0,11.0,4.0,11.0,0.0,275.0,1.0,0.0,1.0,0.0,0.0,0.0,1.0,1.0,12.0,30.0,0.0,0.0,15.0,0.0,0/30,0/30,0.0,0.0,,0.909519470976666,,,0.24999993750001562,0.0,0.1
CHE,Vijay Shankar,BAT,9,4.0,101.0,73.0,43.0,25.25,138.36,0.0,11.0,5.0,0.0,0.0,0.0,9.0,6.0,126.0,191.0,5.0,38.2,9.1,25.2,2/32,2/32,0.0,0.0,75.0,63.0,1195.0,921.0,69.0,26.56,129.76,18.0,85.0,47.0,7.0,0.0,0.0,75.0,22.0,238.0,344.0,9.0,38.22,8.67,26.44,2/19,2/19,0.0,0.0,,0.909519470976666,,,0.14332247541441642,1.038062164006671,0.30251228362599264
CHE,Ravichandran Ashwin,ALL,/ravichandran-ashwin,0.0,0.0,0.0,0.0,0.0,0.0,0.0,0.0,0.0,0.0,0.0,0.0,0.0,0.0,0.0,0.0,0.0,0.0,0.0,0.0,0,0,0.0,0.0,0.0,0.0,0.0,0.0,0.0,0.0,0.0,0.0,0.0,0.0,0.0,0.0,0.0,0.0,0.0,0.0,0.0,0.0,0.0,0.0,0.0,0,0,0.0,0.0,,0.909519470976666,,,0.0,0.0,0.1
CHE,Ravindra Jadeja,ALL,74,41.0,515.0,405.0,46.0,21.46,127.17,17.0,39.0,14.0,0.0,0.0,0.0,74.0,71.0,1356.0,1612.0,54.0,29.85,7.13,25.11,3/15,3/15,0.0,0.0,245.0,189.0,3044.0,2348.0,62.0,27.42,129.65,78.0,220.0,110.0,3.0,0.0,0.0,245.0,216.0,3907.0,4969.0,162.0,30.67,7.63,24.12,5/16,5/16,1.0,0.0,,0.909519470976666,,,0.14054514474423122,10.0,0.9
CHE,MS Dhoni,WK,98,85.0,1617.0,1282.0,56.0,37.6,126.14,42.0,116.0,52.0,2.0,0.0,0.0,98.0,0.0,0.0,0.0,0.0,0.0,0.0,0.0,-/-,-/-,0.0,0.0,269.0,234.0,5346.0,3879.0,84.0,39.31,137.82,98.0,369.0,259.0,24.0,0.0,0.0,269.0,0.0,0.0,0.0,0.0,0.0,0.0,0.0,-/-,-/-,0.0,0.0,MS Dhoni,1.2756792668880452,0.99999950000025,0.9527376300010338,0.16189739619440646,0.0,0.2399211088915287
DC,Madhav Tiwari,ALL,0,0.0,0.0,0.0,0.0,0.0,0.0,0.0,0.0,0.0,0.0,0.0,0.0,0.0,0.0,0.0,0.0,0.0,0.0,0.0,0.0,-/-,-/-,0.0,0.0,0.0,0.0,0.0,0.0,0.0,0.0,0.0,0.0,0.0,0.0,0.0,0.0,0.0,0.0,0.0,0.0,0.0,0.0,0.0,0.0,0.0,-/-,-/-,0.0,0.0,,0.909519470976666,,,0.0,0.0,0.1
DC,Manvanth Kumar L,ALL,0,0.0,0.0,0.0,0.0,0.0,0.0,0.0,0.0,0.0,0.0,0.0,0.0,0.0,0.0,0.0,0.0,0.0,0.0,0.0,0.0,-/-,-/-,0.0,0.0,0.0,0.0,0.0,0.0,0.0,0.0,0.0,0.0,0.0,0.0,0.0,0.0,0.0,0.0,0.0,0.0,0.0,0.0,0.0,0.0,0.0,-/-,-/-,0.0,0.0,,0.909519470976666,,,0.0,0.0,0.1
DC,Tripurana Vijay,BOWL,0,0.0,0.0,0.0,0.0,0.0,0.0,0.0,0.0,0.0,0.0,0.0,0.0,0.0,0.0,0.0,0.0,0.0,0.0,0.0,0.0,-/-,-/-,0.0,0.0,0.0,0.0,0.0,0.0,0.0,0.0,0.0,0.0,0.0,0.0,0.0,0.0,0.0,0.0,0.0,0.0,0.0,0.0,0.0,0.0,0.0,-/-,-/-,0.0,0.0,,0.909519470976666,,,0.0,0.0,0.1
DC,Vipraj Nigam,BOWL,0,0.0,0.0,0.0,0.0,0.0,0.0,0.0,0.0,0.0,0.0,0.0,0.0,0.0,0.0,0.0,0.0,0.0,0.0,0.0,0.0,-/-,-/-,0.0,0.0,4.0,2.0,40.0,17.0,39.0,40.0,235.3,1.0,5.0,2.0,0.0,0.0,0.0,4.0,4.0,72.0,101.0,5.0,20.2,8.42,14.4,2/18,2/18,0.0,0.0,,0.909519470976666,,,0.4117646816609011,0.5938241575030693,0.27198544387403767
DC,Tristan Stubbs,BAT,35,29.0,670.0,497.0,76.0,29.13,134.81,6.0,57.0,28.0,2.0,0.0,0.0,35.0,2.0,12.0,41.0,0.0,0.0,20.5,0.0,0/20,0/20,0.0,0.0,22.0,21.0,522.0,304.0,71.0,43.5,171.72,9.0,36.0,31.0,3.0,0.0,0.0,22.0,4.0,30.0,57.0,4.0,14.25,11.4,7.5,2/11,2/11,0.0,0.0,,0.909519470976666,,,0.22039473611712257,0.3508771622037577,0.1538377113860762
DC,Abishek Porel,WK,0,0.0,0.0,0.0,0.0,0.0,0.0,0.0,0.0,0.0,0.0,0.0,0.0,0.0,0.0,0.0,0.0,0.0,0.0,0.0,0.0,-/-,-/-,0.0,0.0,22.0,20.0,434.0,283.0,65.0,25.53,153.36,3.0,44.0,18.0,2.0,0.0,0.0,22.0,0.0,0.0,0.0,0.0,0.0,0.0,0.0,-/-,-/-,0.0,0.0,,0.909519470976666,,,0.21908127131066688,0.0,0.1
DC,Ashutosh Sharma,BAT,0,0.0,0.0,0.0,0.0,0.0,0.0,0.0,0.0,0.0,0.0,0.0,0.0,0.0,0.0,0.0,0.0,0.0,0.0,0.0,0.0,-/-,-/-,0.0,0.0,14.0,11.0,256.0,145.0,66.0,32.0,176.56,3.0,15.0,20.0,2.0,0.0,0.0,14.0,0.0,0.0,0.0,0.0,0.0,0.0,0.0,-/-,-/-,0.0,0.0,,0.909519470976666,,,0.2413793086801427,0.0,0.1
DC,Donovan Ferreira,ALL,6,5.0,79.0,50.0,48.0,15.8,158.0,0.0,2.0,6.0,0.0,0.0,0.0,6.0,1.0,18.0,37.0,0.0,0.0,12.33,0.0,0/37,0/37,0.0,0.0,2.0,2.0,8.0,11.0,7.0,4.0,72.73,0.0,0.0,0.0,0.0,0.0,0.0,2.0,0.0,0.0,0.0,0.0,0.0,0.0,0.0,-/-,-/-,0.0,0.0,,0.909519470976666,,,0.0,0.0,0.1
DC,Sameer Rizvi,BAT,0,0.0,0.0,0.0,0.0,0.0,0.0,0.0,0.0,0.0,0.0,0.0,0.0,0.0,0.0,0.0,0.0,0.0,0.0,0.0,0.0,-/-,-/-,0.0,0.0,10.0,7.0,75.0,62.0,21.0,12.5,120.97,1.0,6.0,3.0,0.0,0.0,0.0,10.0,0.0,0.0,0.0,0.0,0.0,0.0,0.0,-/-,-/-,0.0,0.0,,0.909519470976666,,,0.14516128798126957,0.0,0.1
DC,Jake Fraser-McGurk,BAT,7,7.0,113.0,79.0,50.0,16.14,143.04,0.0,16.0,3.0,1.0,0.0,0.0,7.0,0.0,0.0,0.0,0.0,0.0,0.0,0.0,-/-,-/-,0.0,0.0,13.0,13.0,376.0,186.0,84.0,28.92,202.16,0.0,37.0,30.0,4.0,0.0,0.0,13.0,0.0,0.0,0.0,0.0,0.0,0.0,0.0,-/-,-/-,0.0,0.0,,0.909519470976666,,,0.3602150518268008,0.0,0.10806451554804024
DC,Ajay Mandal,ALL,0,0.0,0.0,0.0,0.0,0.0,0.0,0.0,0.0,0.0,0.0,0.0,0.0,0.0,0.0,0.0,0.0,0.0,0.0,0.0,0.0,-/-,-/-,0.0,0.0,0.0,0.0,0.0,0.0,0.0,0.0,0.0,0.0,0.0,0.0,0.0,0.0,0.0,0.0,0.0,0.0,0.0,0.0,0.0,0.0,0.0,-/-,-/-,0.0,0.0,,0.909519470976666,,,0.0,0.0,0.1
DC,Darshan Nalkande,BOWL,0,0.0,0.0,0.0,0.0,0.0,0.0,0.0,0.0,0.0,0.0,0.0,0.0,0.0,0.0,0.0,0.0,0.0,0.0,0.0,0.0,-/-,-/-,0.0,0.0,6.0,2.0,12.0,12.0,12.0,6.0,100.0,0.0,0.0,1.0,0.0,0.0,0.0,6.0,6.0,84.0,148.0,6.0,24.67,10.57,14.0,2/21,2/21,0.0,0.0,,0.909519470976666,,,0.08333332638888948,0.5676442225502155,0.16691105355422073
DC,T Natarajan,BOWL,4,0.0,0.0,0.0,0.0,0.0,0.0,0.0,0.0,0.0,0.0,0.0,0.0,4.0,4.0,96.0,122.0,7.0,17.43,7.63,13.71,3/30,3/30,0.0,0.0,61.0,4.0,3.0,5.0,3.0,0.0,60.0,4.0,0.0,0.0,0.0,0.0,0.0,61.0,61.0,1337.0,1969.0,67.0,29.39,8.84,19.96,4/19,4/19,0.0,0.0,T Natarajan,0.5555551481485063,0.0,1.0,0.0,7.579184662988161,0.9
DC,Mukesh Kumar,BOWL,17,4.0,5.0,5.0,4.0,5.0,100.0,3.0,1.0,0.0,0.0,0.0,0.0,17.0,17.0,324.0,487.0,20.0,24.35,9.02,16.2,4/22,4/22,0.0,0.0,24.0,5.0,10.0,18.0,6.0,10.0,55.56,4.0,0.0,0.0,0.0,0.0,0.0,24.0,24.0,465.0,795.0,27.0,29.44,10.26,17.22,3/14,3/14,0.0,0.0,,0.909519470976666,,,0.0,2.63157869087927,0.6578946727198175
DC,Kuldeep Yadav,BOWL,40,7.0,46.0,59.0,23.0,11.5,77.97,3.0,2.0,0.0,0.0,0.0,0.0,40.0,39.0,860.0,971.0,69.0,14.07,6.77,12.46,5/17,5/17,2.0,0.0,88.0,34.0,188.0,221.0,35.0,14.46,85.07,21.0,17.0,3.0,0.0,0.0,0.0,88.0,86.0,1842.0,2477.0,95.0,26.07,8.07,19.39,4/14,4/14,0.0,0.0,Kuldeep Yadav,0.8005694899368517,0.399999920000016,0.9427350796865795,0.09049773714706906,10.0,0.9
DC,Mohit Sharma,BOWL,8,2.0,3.0,7.0,3.0,0.0,42.86,2.0,0.0,0.0,0.0,0.0,0.0,8.0,8.0,138.0,185.0,6.0,30.83,8.04,23.0,2/28,2/28,0.0,0.0,116.0,32.0,125.0,135.0,21.0,7.35,92.6,15.0,8.0,4.0,0.0,0.0,0.0,116.0,115.0,2325.0,3360.0,134.0,25.07,8.67,17.35,5/10,5/10,1.0,0.0,,0.909519470976666,,,0.08888888823045268,10.0,0.9
DC,Lokesh Rahul,WK,72,68.0,2265.0,1628.0,110.0,37.75,139.13,8.0,191.0,99.0,22.0,2.0,0.0,72.0,0.0,0.0,0.0,0.0,0.0,0.0,0.0,-/-,-/-,0.0,0.0,135.0,126.0,4868.0,3588.0,132.0,46.36,135.68,21.0,415.0,197.0,39.0,4.0,0.0,135.0,0.0,0.0,0.0,0.0,0.0,0.0,0.0,-/-,-/-,0.0,0.0,,0.909519470976666,,,0.17056856182537108,0.0,0.1
DC,Axar Patel,ALL,71,44.0,535.0,384.0,65.0,18.45,139.33,15.0,41.0,23.0,1.0,0.0,0.0,71.0,68.0,1291.0,1571.0,71.0,22.13,7.3,18.18,3/9,3/9,0.0,0.0,154.0,116.0,1711.0,1299.0,66.0,21.39,131.72,36.0,114.0,81.0,3.0,0.0,0.0,154.0,152.0,3171.0,3876.0,123.0,31.51,7.33,25.78,4/21,4/21,0.0,0.0,,0.909519470976666,,,0.1501154733255462,10.0,0.9
DC,Dushmantha Chameera,BOWL,55,28.0,101.0,113.0,24.0,6.73,89.39,13.0,9.0,1.0,0.0,0.0,0.0,55.0,55.0,1178.0,1588.0,55.0,28.87,8.09,21.42,4/17,4/17,0.0,0.0,13.0,8.0,43.0,28.0,17.0,10.75,153.58,4.0,3.0,3.0,0.0,0.0,0.0,13.0,13.0,282.0,432.0,9.0,48.0,9.19,31.33,2/17,2/17,0.0,0.0,,0.909519470976666,,,0.21428570663265334,0.9793252470810396,0.3091170237600559
DC,Karun Nair,BAT,0,0.0,0.0,0.0,0.0,0.0,0.0,0.0,0.0,0.0,0.0,0.0,0.0,0.0,0.0,0.0,0.0,0.0,0.0,0.0,0.0,-/-,-/-,0.0,0.0,76.0,68.0,1496.0,1171.0,83.0,23.75,127.76,5.0,161.0,39.0,10.0,0.0,0.0,76.0,0.0,0.0,0.0,0.0,0.0,0.0,0.0,-/-,-/-,0.0,0.0,,0.909519470976666,,,0.1707941928515848,0.0,0.1
DC,Faf du Plessis,BAT,50,50.0,1528.0,1137.0,119.0,35.53,134.39,7.0,140.0,50.0,10.0,1.0,0.0,50.0,2.0,8.0,3.0,0.0,0.0,2.25,0.0,0/0,0/0,0.0,0.0,148.0,141.0,4652.0,3404.0,96.0,35.78,136.67,11.0,427.0,171.0,38.0,0.0,0.0,148.0,1.0,6.0,16.0,0.0,0.0,16.0,0.0,0/16,0/16,0.0,0.0,,0.909519470976666,,,0.17567567562406708,0.0,0.1
DC,Mitchell Starc,BOWL,65,21.0,98.0,100.0,14.0,9.8,98.0,11.0,4.0,2.0,0.0,0.0,0.0,65.0,65.0,1458.0,1881.0,79.0,23.81,7.74,18.46,4/20,4/20,0.0,0.0,44.0,18.0,107.0,114.0,29.0,10.7,93.86,8.0,11.0,0.0,0.0,0.0,0.0,44.0,43.0,919.0,1276.0,60.0,21.27,8.33,15.32,5/35,5/35,1.0,0.0,,0.909519470976666,,,0.09649122722376116,7.2028802877694735,0.9
GT,Gurnoor Brar Singh,BOWL,0,0.0,0.0,0.0,0.0,0.0,0.0,0.0,0.0,0.0,0.0,0.0,0.0,0.0,0.0,0.0,0.0,0.0,0.0,0.0,0.0,-/-,-/-,0.0,0.0,1.0,0.0,0.0,0.0,0.0,0.0,0.0,0.0,0.0,0.0,0.0,0.0,0.0,1.0,1.0,18.0,42.0,0.0,0.0,14.0,0.0,0/42,0/42,0.0,0.0,,0.909519470976666,,,0.0,0.0,0.1
GT,Nishant Sindhu,ALL,0,0.0,0.0,0.0,0.0,0.0,0.0,0.0,0.0,0.0,0.0,0.0,0.0,0.0,0.0,0.0,0.0,0.0,0.0,0.0,0.0,-/-,-/-,0.0,0.0,0.0,0.0,0.0,0.0,0.0,0.0,0.0,0.0,0.0,0.0,0.0,0.0,0.0,0.0,0.0,0.0,0.0,0.0,0.0,0.0,0.0,-/-,-/-,0.0,0.0,,0.909519470976666,,,0.0,0.0,0.1
GT,Arshad Khan,ALL,0,0.0,0.0,0.0,0.0,0.0,0.0,0.0,0.0,0.0,0.0,0.0,0.0,0.0,0.0,0.0,0.0,0.0,0.0,0.0,0.0,-/-,-/-,0.0,0.0,13.0,9.0,102.0,70.0,58.0,25.5,145.72,5.0,6.0,6.0,1.0,0.0,0.0,13.0,13.0,176.0,361.0,8.0,45.13,12.31,22.0,3/39,3/39,0.0,0.0,,0.909519470976666,,,0.17142856897959188,0.649878095054582,0.21389809445752309
GT,Sai Sudharsan,BAT,1,0.0,0.0,0.0,0.0,0.0,0.0,0.0,0.0,0.0,0.0,0.0,0.0,1.0,0.0,0.0,0.0,0.0,0.0,0.0,0.0,-/-,-/-,0.0,0.0,30.0,30.0,1307.0,923.0,103.0,48.41,141.61,3.0,119.0,43.0,9.0,1.0,0.0,30.0,0.0,0.0,0.0,0.0,0.0,0.0,0.0,-/-,-/-,0.0,0.0,,0.909519470976666,,,0.1755146260286949,0.0,0.1
GT,Kumar Kushagra,WK,0,0.0,0.0,0.0,0.0,0.0,0.0,0.0,0.0,0.0,0.0,0.0,0.0,0.0,0.0,0.0,0.0,0.0,0.0,0.0,0.0,-/-,-/-,0.0,0.0,4.0,3.0,3.0,7.0,2.0,1.0,42.86,0.0,0.0,0.0,0.0,0.0,0.0,4.0,0.0,0.0,0.0,0.0,0.0,0.0,0.0,-/-,-/-,0.0,0.0,,0.909519470976666,,,0.0,0.0,0.1
GT,Manav Suthar,ALL,0,0.0,0.0,0.0,0.0,0.0,0.0,0.0,0.0,0.0,0.0,0.0,0.0,0.0,0.0,0.0,0.0,0.0,0.0,0.0,0.0,-/-,-/-,0.0,0.0,1.0,1.0,1.0,2.0,1.0,1.0,50.0,0.0,0.0,0.0,0.0,0.0,0.0,1.0,1.0,12.0,26.0,0.0,0.0,13.0,0.0,0/26,0/26,0.0,0.0,,0.909519470976666,,,0.0,0.0,0.1
GT,Sherfane Rutherford,BAT,28,23.0,428.0,299.0,68.0,25.18,143.15,6.0,26.0,29.0,2.0,0.0,0.0,28.0,3.0,42.0,72.0,1.0,72.0,10.29,42.0,1/21,1/21,0.0,0.0,15.0,14.0,242.0,180.0,46.0,24.2,134.45,4.0,14.0,18.0,0.0,0.0,0.0,15.0,6.0,41.0,59.0,1.0,59.0,8.63,41.0,1/6,1/6,0.0,0.0,,0.909519470976666,,,0.17777777679012347,0.11587484172945055,0.1
GT,Gerald Coetzee,BOWL,10,9.0,81.0,60.0,23.0,11.57,135.0,2.0,4.0,6.0,0.0,0.0,0.0,10.0,10.0,206.0,363.0,12.0,30.25,10.57,17.17,3/32,3/32,0.0,0.0,10.0,5.0,14.0,22.0,8.0,3.5,63.64,1.0,0.0,1.0,0.0,0.0,0.0,10.0,10.0,201.0,341.0,13.0,26.23,10.18,15.46,4/34,4/34,0.0,0.0,,0.909519470976666,,,0.045454543388429844,1.277013627012414,0.3328897697696324
GT,Anuj Rawat,WK,0,0.0,0.0,0.0,0.0,0.0,0.0,0.0,0.0,0.0,0.0,0.0,0.0,0.0,0.0,0.0,0.0,0.0,0.0,0.0,0.0,-/-,-/-,0.0,0.0,24.0,21.0,318.0,267.0,66.0,19.88,119.11,5.0,26.0,14.0,1.0,0.0,0.0,24.0,0.0,0.0,0.0,0.0,0.0,0.0,0.0,-/-,-/-,0.0,0.0,Anuj Rawat,0.803174454669979,0.33333329629630043,0.7971016062800523,0.14981273352130062,0.0,0.16541998825688703
GT,Kulwant Khejroliya,BOWL,0,0.0,0.0,0.0,0.0,0.0,0.0,0.0,0.0,0.0,0.0,0.0,0.0,0.0,0.0,0.0,0.0,0.0,0.0,0.0,0.0,-/-,-/-,0.0,0.0,8.0,0.0,0.0,0.0,0.0,0.0,0.0,0.0,0.0,0.0,0.0,0.0,0.0,8.0,8.0,139.0,246.0,6.0,41.0,10.62,23.17,2/33,2/33,0.0,0.0,,0.909519470976666,,,0.0,0.5649716982135878,0.14124292455339696
GT,Shubman Gill,BAT,21,21.0,578.0,415.0,126.0,30.42,139.28,2.0,60.0,22.0,3.0,1.0,0.0,21.0,0.0,0.0,0.0,0.0,0.0,0.0,0.0,-/-,-/-,0.0,0.0,108.0,105.0,3364.0,2471.0,129.0,37.8,136.14,16.0,326.0,100.0,21.0,4.0,0.0,108.0,0.0,0.0,0.0,0.0,0.0,0.0,0.0,-/-,-/-,0.0,0.0,Shubman Gill,1.212151252192174,0.599999880000024,0.9318998373549997,0.17239983805244846,0.0,0.23354263924456065
GT,Ravisrinivasan Sai Kishore,BOWL,3,0.0,0.0,0.0,0.0,0.0,0.0,0.0,0.0,0.0,0.0,0.0,0.0,3.0,3.0,72.0,63.0,4.0,15.75,5.25,18.0,3/12,3/12,0.0,0.0,15.0,3.0,14.0,7.0,13.0,7.0,200.0,1.0,0.0,2.0,0.0,0.0,0.0,15.0,15.0,296.0,391.0,23.0,17.0,7.93,12.87,4/33,4/33,0.0,0.0,,0.909519470976666,,,0.285714244897965,2.900377944466842,0.8108087595861
GT,Mahipal Lomror,BAT,0,0.0,0.0,0.0,0.0,0.0,0.0,0.0,0.0,0.0,0.0,0.0,0.0,0.0,0.0,0.0,0.0,0.0,0.0,0.0,0.0,-/-,-/-,0.0,0.0,40.0,35.0,527.0,373.0,54.0,18.17,141.29,6.0,33.0,30.0,1.0,0.0,0.0,40.0,11.0,90.0,127.0,1.0,127.0,8.47,90.0,1/22,1/22,0.0,0.0,,0.909519470976666,,,0.16890080383672706,0.11806374048834233,0.1
GT,Karim Janat,ALL,67,48.0,691.0,596.0,56.0,17.72,115.94,9.0,49.0,28.0,4.0,0.0,0.0,67.0,49.0,835.0,1140.0,42.0,27.14,8.19,19.88,5/11,5/11,1.0,0.0,0.0,0.0,0.0,0.0,0.0,0.0,0.0,0.0,0.0,0.0,0.0,0.0,0.0,0.0,0.0,0.0,0.0,0.0,0.0,0.0,0.0,-/-,-/-,0.0,0.0,,0.909519470976666,,,0.0,0.0,0.1
GT,Washington Sundar,ALL,54,22.0,193.0,159.0,50.0,13.79,121.39,8.0,16.0,9.0,1.0,0.0,0.0,54.0,52.0,975.0,1128.0,48.0,23.5,6.94,20.31,3/15,3/15,0.0,0.0,61.0,41.0,427.0,354.0,49.0,15.25,120.63,13.0,37.0,11.0,0.0,0.0,0.0,61.0,58.0,1054.0,1325.0,37.0,35.81,7.54,28.49,3/16,3/16,0.0,0.0,Washington Sundar,1.0949003132636583,0.8333331944444675,0.9037492086404308,0.13559321995595136,4.907161152896399,0.9
GT,Shahrukh Khan,ALL,0,0.0,0.0,0.0,0.0,0.0,0.0,0.0,0.0,0.0,0.0,0.0,0.0,0.0,0.0,0.0,0.0,0.0,0.0,0.0,0.0,-/-,-/-,0.0,0.0,45.0,41.0,604.0,419.0,58.0,20.13,144.16,11.0,39.0,41.0,1.0,0.0,0.0,45.0,2.0,12.0,15.0,0.0,0.0,7.5,0.0,0/7,0/7,0.0,0.0,,0.909519470976666,,,0.19093078713381673,0.0,0.1
GT,Mohammed Siraj,BOWL,16,5.0,14.0,16.0,7.0,7.0,87.5,3.0,1.0,0.0,0.0,0.0,0.0,16.0,16.0,348.0,452.0,14.0,32.29,7.79,24.86,4/17,4/17,0.0,0.0,98.0,25.0,109.0,119.0,14.0,10.9,91.6,15.0,10.0,4.0,0.0,0.0,0.0,98.0,98.0,2078.0,2976.0,103.0,28.89,8.59,20.17,4/17,4/17,0.0,0.0,Mohammed Siraj,0.7475159034055445,0.33333322222225925,0.9117578379595173,0.11764705783489868,10.0,0.9
GT,Glenn Phillips,BAT,83,74.0,1928.0,1372.0,108.0,31.1,140.53,12.0,138.0,91.0,10.0,2.0,0.0,83.0,13.0,128.0,157.0,6.0,26.17,7.36,21.33,3/6,3/6,0.0,0.0,8.0,8.0,65.0,55.0,25.0,9.29,118.19,1.0,3.0,6.0,0.0,0.0,0.0,8.0,4.0,30.0,40.0,2.0,20.0,8.0,15.0,1/10,1/10,0.0,0.0,,0.909519470976666,,,0.16363636066115708,0.24999996875000394,0.11159090038584811
GT,Rashid-Khan,BOWL,96,59.0,467.0,370.0,48.0,13.74,126.22,25.0,31.0,28.0,0.0,0.0,0.0,96.0,96.0,2192.0,2222.0,161.0,13.8,6.08,13.61,5/3,5/3,2.0,0.0,126.0,62.0,563.0,345.0,79.0,14.44,163.19,23.0,40.0,40.0,1.0,0.0,0.0,126.0,126.0,2967.0,3432.0,152.0,22.58,6.94,19.52,4/24,4/24,0.0,0.0,,0.909519470976666,,,0.23188405729888678,10.0,0.9
GT,Prasidh Krishna,BOWL,5,0.0,0.0,0.0,0.0,0.0,0.0,0.0,0.0,0.0,0.0,0.0,0.0,5.0,5.0,120.0,220.0,8.0,27.5,11.0,15.0,3/41,3/41,0.0,0.0,56.0,10.0,9.0,24.0,4.0,3.0,37.5,7.0,0.0,0.0,0.0,0.0,0.0,56.0,56.0,1259.0,1837.0,57.0,32.23,8.75,22.09,4/30,4/30,0.0,0.0,,0.909519470976666,,,0.0,6.514284969796004,0.9
GT,Jayant Yadav,BOWL,0,0.0,0.0,0.0,0.0,0.0,0.0,0.0,0.0,0.0,0.0,0.0,0.0,0.0,0.0,0.0,0.0,0.0,0.0,0.0,0.0,-/-,-/-,0.0,0.0,20.0,5.0,40.0,36.0,23.0,10.0,111.12,1.0,2.0,1.0,0.0,0.0,0.0,20.0,20.0,390.0,445.0,8.0,55.63,6.85,48.75,1/8,1/8,0.0,0.0,,0.909519470976666,,,0.08333333101851859,1.1678830411849574,0.31697075960179494
GT,Rahul Tewatia,ALL,0,0.0,0.0,0.0,0.0,0.0,0.0,0.0,0.0,0.0,0.0,0.0,0.0,0.0,0.0,0.0,0.0,0.0,0.0,0.0,0.0,-/-,-/-,0.0,0.0,98.0,68.0,1043.0,766.0,53.0,24.83,136.17,26.0,86.0,50.0,1.0,0.0,0.0,98.0,52.0,843.0,1111.0,32.0,34.72,7.91,26.34,3/18,3/18,0.0,0.0,,0.909519470976666,,,0.17754569167422232,4.045511498671113,0.9
GT,Kagiso Rabada,BOWL,65,24.0,156.0,141.0,22.0,17.33,110.64,15.0,14.0,5.0,0.0,0.0,0.0,65.0,65.0,1393.0,1928.0,71.0,27.15,8.3,19.62,3/18,3/18,0.0,0.0,82.0,32.0,213.0,198.0,44.0,12.53,107.58,15.0,16.0,9.0,0.0,0.0,0.0,82.0,82.0,1866.0,2653.0,119.0,22.29,8.53,15.68,4/21,4/21,0.0,0.0,,0.909519470976666,,,0.12626262562493623,10.0,0.9
GT,Jos Buttler,WK,134,123.0,3535.0,2411.0,101.0,35.35,146.62,23.0,322.0,152.0,26.0,1.0,0.0,134.0,0.0,0.0,0.0,0.0,0.0,0.0,0.0,-/-,-/-,0.0,0.0,112.0,111.0,3784.0,2552.0,124.0,38.61,148.28,13.0,374.0,170.0,21.0,7.0,0.0,112.0,0.0,0.0,0.0,0.0,0.0,0.0,0.0,-/-,-/-,0.0,0.0,,0.909519470976666,,,0.21316614411709792,0.0,0.1
GT,Ishant Sharma,BOWL,14,3.0,8.0,9.0,5.0,8.0,88.89,2.0,1.0,0.0,0.0,0.0,0.0,14.0,14.0,278.0,400.0,8.0,50.0,8.63,34.75,2/34,2/34,0.0,0.0,113.0,28.0,57.0,69.0,10.0,9.5,82.61,22.0,4.0,2.0,0.0,0.0,0.0,113.0,113.0,2357.0,3269.0,93.0,35.15,8.32,25.34,5/12,5/12,1.0,0.0,,0.909519470976666,,,0.086956520478891,10.0,0.9
KKR,Harshit Rana,BOWL,1,0.0,0.0,0.0,0.0,0.0,0.0,0.0,0.0,0.0,0.0,0.0,0.0,1.0,1.0,24.0,33.0,3.0,11.0,8.25,8.0,3/33,3/33,0.0,0.0,25.0,6.0,21.0,26.0,10.0,5.25,80.77,2.0,3.0,0.0,0.0,0.0,0.0,25.0,24.0,481.0,743.0,30.0,24.77,9.27,16.03,3/24,3/24,0.0,0.0,Harshit Rana,0.9999990000010001,0.0,0.5000004999995,0.11538461094674572,3.2362456055829987,0.9
KKR,Angkrish Raghuvanshi,BAT,0,0.0,0.0,0.0,0.0,0.0,0.0,0.0,0.0,0.0,0.0,0.0,0.0,0.0,0.0,0.0,0.0,0.0,0.0,0.0,0.0,-/-,-/-,0.0,0.0,15.0,12.0,296.0,196.0,54.0,26.91,151.03,1.0,29.0,12.0,2.0,0.0,0.0,15.0,0.0,0.0,0.0,0.0,0.0,0.0,0.0,-/-,-/-,0.0,0.0,,0.909519470976666,,,0.20918367240212413,0.0,0.1
KKR,Vaibhav Arora,BOWL,0,0.0,0.0,0.0,0.0,0.0,0.0,0.0,0.0,0.0,0.0,0.0,0.0,0.0,0.0,0.0,0.0,0.0,0.0,0.0,0.0,-/-,-/-,0.0,0.0,24.0,8.0,9.0,16.0,2.0,4.5,56.25,6.0,0.0,0.0,0.0,0.0,0.0,24.0,24.0,473.0,725.0,25.0,29.0,9.2,18.92,3/27,3/27,0.0,0.0,,0.909519470976666,,,0.0,2.717391008979239,0.6793477522448097
KKR,Luvnith Sisodia,WK,0,0.0,0.0,0.0,0.0,0.0,0.0,0.0,0.0,0.0,0.0,0.0,0.0,0.0,0.0,0.0,0.0,0.0,0.0,0.0,0.0,-/-,-/-,0.0,0.0,0.0,0.0,0.0,0.0,0.0,0.0,0.0,0.0,0.0,0.0,0.0,0.0,0.0,0.0,0.0,0.0,0.0,0.0,0.0,0.0,0.0,-/-,-/-,0.0,0.0,,0.909519470976666,,,0.0,0.0,0.1
KKR,Mayank Markande,BOWL,1,0.0,0.0,0.0,0.0,0.0,0.0,0.0,0.0,0.0,0.0,0.0,0.0,1.0,1.0,24.0,31.0,0.0,0.0,7.75,0.0,0/31,0/31,0.0,0.0,37.0,11.0,48.0,42.0,18.0,16.0,114.29,8.0,5.0,1.0,0.0,0.0,0.0,37.0,37.0,720.0,1069.0,37.0,28.89,8.91,19.46,4/15,4/15,0.0,0.0,,0.909519470976666,,,0.1428571394557824,4.1526370199060585,0.9
KKR,Chetan Sakariya,BOWL,2,1.0,5.0,9.0,5.0,0.0,55.56,1.0,0.0,0.0,0.0,0.0,0.0,2.0,1.0,22.0,34.0,1.0,34.0,9.27,22.0,1/34,1/34,0.0,0.0,19.0,8.0,20.0,31.0,7.0,3.33,64.52,2.0,3.0,0.0,0.0,0.0,0.0,19.0,19.0,426.0,599.0,20.0,29.95,8.44,21.3,3/31,3/31,0.0,0.0,,0.909519470976666,,,0.09677419042663901,2.3696679656791515,0.6214492485477796
KKR,Rahmanullah Gurbaz,WK,66,66.0,1683.0,1252.0,100.0,25.5,134.43,0.0,128.0,95.0,10.0,1.0,0.0,66.0,0.0,0.0,0.0,0.0,0.0,0.0,0.0,-/-,-/-,0.0,0.0,13.0,13.0,289.0,216.0,81.0,22.23,133.8,0.0,24.0,19.0,2.0,0.0,0.0,13.0,0.0,0.0,0.0,0.0,0.0,0.0,0.0,-/-,-/-,0.0,0.0,,0.909519470976666,,,0.19907407315243486,0.0,0.1
KKR,Spencer Johnson,BOWL,8,1.0,0.0,1.0,0.0,0.0,0.0,0.0,0.0,0.0,0.0,0.0,0.0,8.0,8.0,160.0,239.0,14.0,17.07,8.96,11.43,5/26,5/26,1.0,0.0,9.0,5.0,8.0,11.0,5.0,0.0,72.73,5.0,1.0,0.0,0.0,0.0,0.0,9.0,9.0,164.0,284.0,5.0,56.8,10.39,32.8,2/25,2/25,0.0,0.0,,0.909519470976666,,,0.09090908264462885,0.48123190748489825,0.1475807016646132
KKR,Varun Chakravarthy,BOWL,18,3.0,1.0,6.0,1.0,0.5,16.67,1.0,0.0,0.0,0.0,0.0,0.0,18.0,18.0,411.0,481.0,33.0,14.58,7.02,12.45,5/17,5/17,2.0,0.0,75.0,12.0,25.0,46.0,10.0,6.25,54.35,8.0,2.0,0.0,0.0,0.0,0.0,75.0,75.0,1702.0,2127.0,89.0,23.9,7.5,19.12,5/20,5/20,1.0,0.0,,0.909519470976666,,,0.04347825992438566,10.0,0.9
KKR,Anrich Nortje,BOWL,42,12.0,17.0,35.0,4.0,2.83,48.58,6.0,1.0,0.0,0.0,0.0,0.0,42.0,41.0,869.0,1016.0,53.0,19.17,7.01,16.4,4/7,4/7,0.0,0.0,46.0,15.0,49.0,49.0,23.0,8.17,100.0,9.0,6.0,0.0,0.0,0.0,0.0,46.0,46.0,1054.0,1574.0,60.0,26.23,8.96,17.57,3/33,3/33,0.0,0.0,,0.909519470976666,,,0.12244897709287803,6.696427824059395,0.9
KKR,Anukul Sudhakar Roy,ALL,0,0.0,0.0,0.0,0.0,0.0,0.0,0.0,0.0,0.0,0.0,0.0,0.0,0.0,0.0,0.0,0.0,0.0,0.0,0.0,0.0,-/-,-/-,0.0,0.0,10.0,6.0,26.0,24.0,13.0,8.67,108.34,3.0,3.0,0.0,0.0,0.0,0.0,10.0,9.0,136.0,191.0,5.0,38.2,8.43,27.2,2/19,2/19,0.0,0.0,,0.909519470976666,,,0.12499999479166687,0.5931197398434473,0.1857799333983619
KKR,Ramandeep Singh,ALL,2,1.0,15.0,6.0,15.0,15.0,250.0,0.0,1.0,1.0,0.0,0.0,0.0,2.0,1.0,20.0,42.0,1.0,42.0,12.6,20.0,1/42,1/42,0.0,0.0,24.0,16.0,199.0,125.0,35.0,24.88,159.2,8.0,9.0,15.0,0.0,0.0,0.0,24.0,4.0,40.0,63.0,6.0,10.5,9.45,6.67,3/20,3/20,0.0,0.0,Ramandeep Singh,1.0337297612199725,0.499999750000125,0.8750001041665728,0.191999998464,0.6349205677332733,0.3713896056555142
KKR,Rovman Powell,BAT,91,79.0,1747.0,1245.0,107.0,25.69,140.33,11.0,99.0,117.0,8.0,1.0,0.0,91.0,14.0,131.0,217.0,5.0,43.4,9.94,26.2,2/31,2/31,0.0,0.0,26.0,22.0,360.0,244.0,67.0,18.95,147.55,3.0,21.0,28.0,1.0,0.0,0.0,26.0,2.0,18.0,35.0,1.0,35.0,11.67,18.0,1/18,1/18,0.0,0.0,,0.909519470976666,,,0.2008196713081161,0.08568979557071162,0.1
KKR,Rinku Singh,BAT,33,24.0,546.0,339.0,69.0,42.0,161.07,11.0,45.0,31.0,3.0,0.0,0.0,33.0,1.0,6.0,3.0,2.0,1.5,3.0,3.0,2/3,2/3,0.0,0.0,50.0,44.0,992.0,679.0,67.0,32.0,146.1,13.0,79.0,50.0,4.0,0.0,0.0,50.0,0.0,0.0,0.0,0.0,0.0,0.0,0.0,-/-,-/-,0.0,0.0,,0.909519470976666,,,0.18998527217969768,0.0,0.1
KKR,Venkatesh Iyer,BAT,9,7.0,133.0,82.0,35.0,33.25,162.2,3.0,15.0,5.0,0.0,0.0,0.0,9.0,4.0,55.0,75.0,5.0,15.0,8.18,11.0,2/23,2/23,0.0,0.0,55.0,53.0,1440.0,1041.0,104.0,31.3,138.33,7.0,135.0,65.0,12.0,1.0,0.0,55.0,9.0,81.0,143.0,3.0,47.67,10.59,27.0,2/29,2/29,0.0,0.0,,0.909519470976666,,,0.1921229585090077,0.2832860922298308,0.12845841061016
KKR,Moeen Ali,ALL,92,75.0,1229.0,863.0,72.0,21.19,142.42,17.0,88.0,68.0,7.0,0.0,0.0,92.0,71.0,999.0,1384.0,51.0,27.14,8.31,19.59,3/24,3/24,0.0,0.0,69.0,58.0,1167.0,833.0,93.0,22.44,140.1,6.0,95.0,67.0,6.0,0.0,0.0,69.0,53.0,782.0,916.0,37.0,24.76,7.03,21.14,4/26,4/26,0.0,0.0,,0.909519470976666,,,0.19447779088297984,5.26315714606584,0.9
KKR,Quinton de Kock,WK,92,91.0,2584.0,1868.0,100.0,31.51,138.33,9.0,264.0,103.0,16.0,1.0,0.0,92.0,0.0,0.0,0.0,0.0,0.0,0.0,0.0,-/-,-/-,0.0,0.0,112.0,112.0,3275.0,2436.0,140.0,31.19,134.45,7.0,325.0,131.0,24.0,2.0,0.0,112.0,0.0,0.0,0.0,0.0,0.0,0.0,0.0,-/-,-/-,0.0,0.0,,0.909519470976666,,,0.18719211814975695,0.0,0.1
KKR,Andre Russell,ALL,83,72.0,1063.0,648.0,71.0,22.15,164.05,24.0,63.0,89.0,3.0,0.0,0.0,83.0,72.0,1191.0,1841.0,60.0,30.68,9.27,19.85,3/19,3/19,0.0,0.0,131.0,109.0,2501.0,1440.0,88.0,28.1,173.69,20.0,172.0,210.0,11.0,0.0,0.0,131.0,115.0,1736.0,2734.0,120.0,22.78,9.45,14.47,5/15,5/15,1.0,0.0,,0.909519470976666,,,0.2652777775935571,10.0,0.9
KKR,Sunil Narine,ALL,51,23.0,155.0,138.0,30.0,10.33,112.32,8.0,13.0,5.0,0.0,0.0,0.0,51.0,49.0,1102.0,1105.0,52.0,21.25,6.02,21.19,4/12,4/12,0.0,0.0,180.0,114.0,1615.0,973.0,109.0,17.18,165.99,20.0,173.0,103.0,7.0,1.0,0.0,180.0,179.0,4159.0,4698.0,182.0,25.81,6.78,22.85,5/19,5/19,1.0,0.0,,0.909519470976666,,,0.28365878696437946,10.0,0.9
KKR,Manish Pandey,BAT,39,33.0,709.0,562.0,79.0,44.31,126.16,17.0,49.0,19.0,3.0,0.0,0.0,39.0,0.0,0.0,0.0,0.0,0.0,0.0,0.0,-/-,-/-,0.0,0.0,172.0,160.0,3869.0,3193.0,114.0,29.09,121.18,27.0,336.0,111.0,22.0,1.0,0.0,172.0,0.0,0.0,0.0,0.0,0.0,0.0,0.0,-/-,-/-,0.0,0.0,,0.909519470976666,,,0.13999373625430825,0.0,0.1
KKR,Ajinkya Rahane,BAT,20,20.0,375.0,331.0,61.0,20.83,113.3,2.0,32.0,6.0,1.0,0.0,0.0,20.0,0.0,0.0,0.0,0.0,0.0,0.0,0.0,-/-,-/-,0.0,0.0,190.0,176.0,4826.0,3876.0,105.0,30.35,124.51,17.0,495.0,115.0,32.0,2.0,0.0,190.0,1.0,6.0,5.0,1.0,5.0,5.0,6.0,1/5,1/5,0.0,0.0,,0.909519470976666,,,0.15737874092946885,0.199999960000008,0.1
KKR,Umran Malik,BOWL,8,2.0,5.0,2.0,4.0,0.0,250.0,2.0,1.0,0.0,0.0,0.0,0.0,8.0,8.0,139.0,243.0,11.0,22.09,10.49,12.64,3/48,3/48,0.0,0.0,26.0,6.0,23.0,16.0,19.0,11.5,143.75,4.0,1.0,2.0,0.0,0.0,0.0,26.0,26.0,493.0,772.0,29.0,26.62,9.4,17.0,5/25,5/25,1.0,0.0,Umran Malik,0.3499997625002094,0.0,0.8000001999998,0.18749998828125072,3.085106054775952,0.8800264745533947
LSG,Digvesh Singh,BOWL,0,0.0,0.0,0.0,0.0,0.0,0.0,0.0,0.0,0.0,0.0,0.0,0.0,0.0,0.0,0.0,0.0,0.0,0.0,0.0,0.0,-/-,-/-,0.0,0.0,5.0,1.0,0.0,0.0,0.0,0.0,0.0,1.0,0.0,0.0,0.0,0.0,0.0,5.0,5.0,120.0,155.0,7.0,22.14,7.75,17.14,2/30,2/30,0.0,0.0,,0.909519470976666,,,0.0,0.9032256899063625,0.22580642247659063
LSG,Prince Yadav,BOWL,0,0.0,0.0,0.0,0.0,0.0,0.0,0.0,0.0,0.0,0.0,0.0,0.0,0.0,0.0,0.0,0.0,0.0,0.0,0.0,0.0,-/-,-/-,0.0,0.0,2.0,0.0,0.0,0.0,0.0,0.0,0.0,0.0,0.0,0.0,0.0,0.0,0.0,2.0,2.0,48.0,76.0,1.0,76.0,9.5,48.0,1/29,1/29,0.0,0.0,,0.909519470976666,,,0.0,0.1052631468144056,0.1
LSG,Shamar Joseph,BOWL,9,3.0,5.0,4.0,5.0,0.0,125.0,3.0,1.0,0.0,0.0,0.0,0.0,9.0,9.0,168.0,271.0,10.0,27.1,9.68,16.8,3/31,3/31,0.0,0.0,1.0,0.0,0.0,0.0,0.0,0.0,0.0,0.0,0.0,0.0,0.0,0.0,0.0,1.0,1.0,24.0,47.0,0.0,0.0,11.75,0.0,0/47,0/47,0.0,0.0,,0.909519470976666,,,0.0,0.0,0.1
LSG,Mayank Yadav,BOWL,3,1.0,1.0,1.0,1.0,0.0,100.0,1.0,0.0,0.0,0.0,0.0,0.0,3.0,3.0,72.0,83.0,4.0,20.75,6.92,18.0,2/32,2/32,0.0,0.0,4.0,0.0,0.0,0.0,0.0,0.0,0.0,0.0,0.0,0.0,0.0,0.0,0.0,4.0,4.0,73.0,85.0,7.0,12.14,6.99,10.43,3/14,3/14,0.0,0.0,,0.909519470976666,,,0.0,1.0014304718983587,0.25035761797458966
LSG,Arshin Kulkarni,ALL,0,0.0,0.0,0.0,0.0,0.0,0.0,0.0,0.0,0.0,0.0,0.0,0.0,0.0,0.0,0.0,0.0,0.0,0.0,0.0,0.0,-/-,-/-,0.0,0.0,2.0,2.0,9.0,8.0,9.0,4.5,112.5,0.0,2.0,0.0,0.0,0.0,0.0,2.0,0.0,0.0,0.0,0.0,0.0,0.0,0.0,-/-,-/-,0.0,0.0,,0.909519470976666,,,0.24999996875000394,0.0,0.1
LSG,Akash Deep,BOWL,0,0.0,0.0,0.0,0.0,0.0,0.0,0.0,0.0,0.0,0.0,0.0,0.0,0.0,0.0,0.0,0.0,0.0,0.0,0.0,0.0,-/-,-/-,0.0,0.0,10.0,4.0,19.0,13.0,17.0,6.33,146.16,1.0,2.0,1.0,0.0,0.0,0.0,10.0,10.0,212.0,420.0,10.0,42.0,11.89,21.2,3/45,3/45,0.0,0.0,Akash Deep,0.0,0.0,0.500000249999875,0.23076921301775286,0.8410428224522437,0.27949146951838677
LSG,Akash Singh,BOWL,0,0.0,0.0,0.0,0.0,0.0,0.0,0.0,0.0,0.0,0.0,0.0,0.0,0.0,0.0,0.0,0.0,0.0,0.0,0.0,0.0,-/-,-/-,0.0,0.0,7.0,0.0,0.0,0.0,0.0,0.0,0.0,0.0,0.0,0.0,0.0,0.0,0.0,7.0,7.0,138.0,227.0,5.0,45.4,9.87,27.6,2/40,2/40,0.0,0.0,,0.909519470976666,,,0.0,0.5065855616428003,0.12664639041070008
LSG,Yuvraj Chaudhary,ALL,0,0.0,0.0,0.0,0.0,0.0,0.0,0.0,0.0,0.0,0.0,0.0,0.0,0.0,0.0,0.0,0.0,0.0,0.0,0.0,0.0,-/-,-/-,0.0,0.0,0.0,0.0,0.0,0.0,0.0,0.0,0.0,0.0,0.0,0.0,0.0,0.0,0.0,0.0,0.0,0.0,0.0,0.0,0.0,0.0,0.0,-/-,-/-,0.0,0.0,,0.909519470976666,,,0.0,0.0,0.1
LSG,Ravi Bishnoi,BOWL,42,13.0,55.0,42.0,9.0,7.86,130.96,6.0,8.0,1.0,0.0,0.0,0.0,42.0,42.0,964.0,1182.0,61.0,19.38,7.36,15.8,4/13,4/13,0.0,0.0,71.0,16.0,32.0,52.0,6.0,3.56,61.54,7.0,2.0,0.0,0.0,0.0,0.0,71.0,70.0,1525.0,2061.0,67.0,30.76,8.11,22.76,3/24,3/24,0.0,0.0,Ravi Bishnoi,0.3124998343751339,0.199999960000008,0.75000024999975,0.03846153772189351,8.261404653340982,0.9
LSG,Abdul Samad,BAT,0,0.0,0.0,0.0,0.0,0.0,0.0,0.0,0.0,0.0,0.0,0.0,0.0,0.0,0.0,0.0,0.0,0.0,0.0,0.0,0.0,-/-,-/-,0.0,0.0,54.0,44.0,636.0,421.0,37.0,19.27,151.07,11.0,43.0,40.0,0.0,0.0,0.0,54.0,6.0,56.0,119.0,2.0,59.5,12.75,28.0,1/9,1/9,0.0,0.0,Abdul Samad,1.058759759736476,0.4545454132231443,0.8506123271492706,0.19714964323717424,0.15686273279507978,0.25717454013039365
LSG,Shahbaz Ahmed,ALL,2,0.0,0.0,0.0,0.0,0.0,0.0,0.0,0.0,0.0,0.0,0.0,0.0,2.0,2.0,32.0,41.0,2.0,20.5,7.69,16.0,1/13,1/13,0.0,0.0,56.0,38.0,545.0,448.0,59.0,18.79,121.66,9.0,29.0,25.0,1.0,0.0,0.0,56.0,43.0,546.0,859.0,21.0,40.9,9.44,26.0,3/7,3/7,0.0,0.0,Shahbaz Ahmed,1.0947369532697864,0.499999750000125,0.9411086699739474,0.12053571401666135,2.2245760355321997,0.7565152660785164
LSG,Rajvardhan Hangargekar,BOWL,0,0.0,0.0,0.0,0.0,0.0,0.0,0.0,0.0,0.0,0.0,0.0,0.0,0.0,0.0,0.0,0.0,0.0,0.0,0.0,0.0,-/-,-/-,0.0,0.0,2.0,0.0,0.0,0.0,0.0,0.0,0.0,0.0,0.0,0.0,0.0,0.0,0.0,2.0,2.0,36.0,60.0,3.0,20.0,10.0,12.0,3/36,3/36,0.0,0.0,,0.909519470976666,,,0.0,0.299999970000003,0.1
LSG,Ayush Badoni,BAT,0,0.0,0.0,0.0,0.0,0.0,0.0,0.0,0.0,0.0,0.0,0.0,0.0,0.0,0.0,0.0,0.0,0.0,0.0,0.0,0.0,-/-,-/-,0.0,0.0,47.0,39.0,715.0,536.0,59.0,23.83,133.4,9.0,52.0,27.0,4.0,0.0,0.0,47.0,5.0,25.0,36.0,2.0,18.0,8.64,12.5,1/5,1/5,0.0,0.0,,0.909519470976666,,,0.1473880594265148,0.23148145468964645,0.10208678150036606
LSG,Aryan Juyal,WK,0,0.0,0.0,0.0,0.0,0.0,0.0,0.0,0.0,0.0,0.0,0.0,0.0,0.0,0.0,0.0,0.0,0.0,0.0,0.0,0.0,-/-,-/-,0.0,0.0,0.0,0.0,0.0,0.0,0.0,0.0,0.0,0.0,0.0,0.0,0.0,0.0,0.0,0.0,0.0,0.0,0.0,0.0,0.0,0.0,0.0,-/-,-/-,0.0,0.0,,0.909519470976666,,,0.0,0.0,0.1
LSG,Mohsin Khan,BOWL,0,0.0,0.0,0.0,0.0,0.0,0.0,0.0,0.0,0.0,0.0,0.0,0.0,0.0,0.0,0.0,0.0,0.0,0.0,0.0,0.0,-/-,-/-,0.0,0.0,24.0,5.0,25.0,24.0,13.0,8.33,104.17,2.0,2.0,1.0,0.0,0.0,0.0,24.0,23.0,486.0,689.0,27.0,25.52,8.51,18.0,4/16,4/16,0.0,0.0,Mohsin Khan,1.2638883298614387,0.499999750000125,0.9444444629629567,0.12499999479166687,3.1727375825220236,0.9
LSG,Matthew Breetzke,BAT,10,10.0,151.0,123.0,51.0,16.78,122.77,1.0,13.0,6.0,1.0,0.0,0.0,10.0,0.0,0.0,0.0,0.0,0.0,0.0,0.0,-/-,-/-,0.0,0.0,0.0,0.0,0.0,0.0,0.0,0.0,0.0,0.0,0.0,0.0,0.0,0.0,0.0,0.0,0.0,0.0,0.0,0.0,0.0,0.0,0.0,-/-,-/-,0.0,0.0,,0.909519470976666,,,0.0,0.0,0.1
LSG,Manimaran Siddharth,BOWL,0,0.0,0.0,0.0,0.0,0.0,0.0,0.0,0.0,0.0,0.0,0.0,0.0,0.0,0.0,0.0,0.0,0.0,0.0,0.0,0.0,-/-,-/-,0.0,0.0,5.0,0.0,0.0,0.0,0.0,0.0,0.0,0.0,0.0,0.0,0.0,0.0,0.0,5.0,5.0,96.0,138.0,3.0,46.0,8.63,32.0,2/39,2/39,0.0,0.0,,0.909519470976666,,,0.0,0.34762452518835163,0.1
LSG,Rishabh Pant,WK,76,66.0,1209.0,949.0,65.0,23.25,127.4,14.0,111.0,44.0,3.0,0.0,0.0,76.0,0.0,0.0,0.0,0.0,0.0,0.0,0.0,-/-,-/-,0.0,0.0,116.0,114.0,3303.0,2237.0,128.0,34.05,147.66,17.0,296.0,155.0,18.0,1.0,0.0,116.0,0.0,0.0,0.0,0.0,0.0,0.0,0.0,-/-,-/-,0.0,0.0,,0.909519470976666,,,0.20160929807706335,0.0,0.1
LSG,Himmat Singh,BAT,0,0.0,0.0,0.0,0.0,0.0,0.0,0.0,0.0,0.0,0.0,0.0,0.0,0.0,0.0,0.0,0.0,0.0,0.0,0.0,0.0,-/-,-/-,0.0,0.0,0.0,0.0,0.0,0.0,0.0,0.0,0.0,0.0,0.0,0.0,0.0,0.0,0.0,0.0,0.0,0.0,0.0,0.0,0.0,0.0,0.0,-/-,-/-,0.0,0.0,,0.909519470976666,,,0.0,0.0,0.1
LSG,Aiden Markram,ALL,57,53.0,1367.0,950.0,70.0,30.38,143.9,8.0,123.0,56.0,9.0,0.0,0.0,57.0,30.0,342.0,487.0,13.0,37.46,8.54,26.31,3/21,3/21,0.0,0.0,49.0,47.0,1139.0,868.0,68.0,29.97,131.23,9.0,84.0,43.0,6.0,0.0,0.0,49.0,14.0,121.0,172.0,2.0,86.0,8.53,60.5,1/8,1/8,0.0,0.0,,0.909519470976666,,,0.14631336388673577,0.23446656102384986,0.1025106494219832
LSG,Avesh Khan,BOWL,25,5.0,27.0,20.0,16.0,13.5,135.0,3.0,3.0,1.0,0.0,0.0,0.0,25.0,24.0,499.0,752.0,27.0,27.85,9.04,18.48,4/18,4/18,0.0,0.0,66.0,12.0,43.0,26.0,12.0,21.5,165.39,10.0,3.0,3.0,0.0,0.0,0.0,66.0,66.0,1425.0,2134.0,77.0,27.71,8.99,18.51,4/24,4/24,0.0,0.0,Avesh Khan,1.812498812500987,0.9999990000010001,0.968750007812498,0.23076922189349144,8.565071349825212,0.9
LSG,Nicholas Pooran,WK,106,97.0,2275.0,1668.0,98.0,26.15,136.4,10.0,152.0,149.0,13.0,0.0,0.0,106.0,0.0,0.0,0.0,0.0,0.0,0.0,0.0,-/-,-/-,0.0,0.0,81.0,78.0,2057.0,1218.0,87.0,34.86,168.89,19.0,137.0,151.0,12.0,0.0,0.0,81.0,0.0,0.0,0.0,0.0,0.0,0.0,0.0,-/-,-/-,0.0,0.0,,0.909519470976666,,,0.236453201776311,0.0,0.1
LSG,David Miller,BAT,130,114.0,2593.0,1842.0,106.0,33.24,140.78,36.0,168.0,130.0,8.0,2.0,0.0,130.0,0.0,0.0,0.0,0.0,0.0,0.0,0.0,-/-,-/-,0.0,0.0,135.0,129.0,3014.0,2162.0,101.0,36.31,139.41,46.0,216.0,137.0,13.0,1.0,0.0,135.0,0.0,0.0,0.0,0.0,0.0,0.0,0.0,-/-,-/-,0.0,0.0,,0.909519470976666,,,0.16327474553040022,0.0,0.1
LSG,Mitchell Marsh,BAT,65,62.0,1629.0,1203.0,92.0,31.94,135.42,11.0,139.0,76.0,9.0,0.0,0.0,65.0,25.0,300.0,387.0,17.0,22.76,7.74,17.65,3/24,3/24,0.0,0.0,47.0,41.0,930.0,668.0,89.0,23.85,139.23,2.0,76.0,53.0,7.0,0.0,0.0,47.0,34.0,560.0,795.0,37.0,21.49,8.52,15.14,4/25,4/25,0.0,0.0,,0.909519470976666,,,0.19311377216599734,4.342722494985623,0.9
MI,Bevon Jacobs,BAT,0,0.0,0.0,0.0,0.0,0.0,0.0,0.0,0.0,0.0,0.0,0.0,0.0,0.0,0.0,0.0,0.0,0.0,0.0,0.0,0.0,-/-,-/-,0.0,0.0,0.0,0.0,0.0,0.0,0.0,0.0,0.0,0.0,0.0,0.0,0.0,0.0,0.0,0.0,0.0,0.0,0.0,0.0,0.0,0.0,0.0,-/-,-/-,0.0,0.0,,0.909519470976666,,,0.0,0.0,0.1
MI,Naman Dhir,ALL,0,0.0,0.0,0.0,0.0,0.0,0.0,0.0,0.0,0.0,0.0,0.0,0.0,0.0,0.0,0.0,0.0,0.0,0.0,0.0,0.0,-/-,-/-,0.0,0.0,12.0,11.0,232.0,132.0,62.0,25.78,175.76,2.0,21.0,14.0,1.0,0.0,0.0,12.0,4.0,46.0,67.0,0.0,0.0,8.74,0.0,0/12,0/12,0.0,0.0,,0.909519470976666,,,0.26515151314279156,0.0,0.1
MI,Robin Minz,WK,0,0.0,0.0,0.0,0.0,0.0,0.0,0.0,0.0,0.0,0.0,0.0,0.0,0.0,0.0,0.0,0.0,0.0,0.0,0.0,0.0,-/-,-/-,0.0,0.0,2.0,2.0,6.0,15.0,3.0,3.0,40.0,0.0,0.0,0.0,0.0,0.0,0.0,2.0,0.0,0.0,0.0,0.0,0.0,0.0,0.0,-/-,-/-,0.0,0.0,,0.909519470976666,,,0.0,0.0,0.1
MI,Raj Angad Bawa,BAT,0,0.0,0.0,0.0,0.0,0.0,0.0,0.0,0.0,0.0,0.0,0.0,0.0,0.0,0.0,0.0,0.0,0.0,0.0,0.0,0.0,-/-,-/-,0.0,0.0,3.0,2.0,11.0,14.0,11.0,5.5,78.58,0.0,1.0,0.0,0.0,0.0,0.0,3.0,0.0,0.0,0.0,0.0,0.0,0.0,0.0,-/-,-/-,0.0,0.0,,0.909519470976666,,,0.07142856632653098,0.0,0.1
MI,Vignesh Puthur,BOWL,0,0.0,0.0,0.0,0.0,0.0,0.0,0.0,0.0,0.0,0.0,0.0,0.0,0.0,0.0,0.0,0.0,0.0,0.0,0.0,0.0,-/-,-/-,0.0,0.0,4.0,0.0,0.0,0.0,0.0,0.0,0.0,0.0,0.0,0.0,0.0,0.0,0.0,4.0,4.0,66.0,94.0,6.0,15.67,8.55,11.0,3/32,3/32,0.0,0.0,,0.909519470976666,,,0.0,0.7017543038883856,0.1754385759720964
MI,Satyanarayana Raju,ALL,0,0.0,0.0,0.0,0.0,0.0,0.0,0.0,0.0,0.0,0.0,0.0,0.0,0.0,0.0,0.0,0.0,0.0,0.0,0.0,0.0,-/-,-/-,0.0,0.0,2.0,1.0,1.0,1.0,1.0,0.0,100.0,1.0,0.0,0.0,0.0,0.0,0.0,2.0,2.0,24.0,53.0,1.0,53.0,13.25,24.0,1/40,1/40,0.0,0.0,,0.909519470976666,,,0.0,0.07547169241723077,0.1
MI,Ashwani Kumar,BOWL,0,0.0,0.0,0.0,0.0,0.0,0.0,0.0,0.0,0.0,0.0,0.0,0.0,0.0,0.0,0.0,0.0,0.0,0.0,0.0,0.0,-/-,-/-,0.0,0.0,2.0,0.0,0.0,0.0,0.0,0.0,0.0,0.0,0.0,0.0,0.0,0.0,0.0,2.0,2.0,36.0,63.0,5.0,12.6,10.5,7.2,4/24,4/24,0.0,0.0,,0.909519470976666,,,0.0,0.47619043083900664,0.11904760770975166
MI,Tilak Varma,BAT,25,24.0,749.0,483.0,120.0,49.93,155.08,9.0,61.0,43.0,3.0,2.0,0.0,25.0,3.0,30.0,26.0,2.0,13.0,5.2,15.0,1/5,1/5,0.0,0.0,43.0,42.0,1307.0,903.0,84.0,39.61,144.74,9.0,101.0,65.0,7.0,0.0,0.0,43.0,4.0,22.0,28.0,0.0,0.0,7.64,0.0,0/6,0/6,0.0,0.0,Tilak Varma,1.2349752607420887,0.49999987500003124,0.9632500085184005,0.1838316720001864,0.0,0.2403957907113692
MI,KL Shrijith,WK,0,0.0,0.0,0.0,0.0,0.0,0.0,0.0,0.0,0.0,0.0,0.0,0.0,0.0,0.0,0.0,0.0,0.0,0.0,0.0,0.0,-/-,-/-,0.0,0.0,0.0,0.0,0.0,0.0,0.0,0.0,0.0,0.0,0.0,0.0,0.0,0.0,0.0,0.0,0.0,0.0,0.0,0.0,0.0,0.0,0.0,-/-,-/-,0.0,0.0,,0.909519470976666,,,0.0,0.0,0.1
MI,Mujeeb-ur-Rahman,BOWL,49,14.0,54.0,44.0,21.0,9.0,122.73,8.0,6.0,3.0,0.0,0.0,0.0,49.0,49.0,1080.0,1141.0,63.0,18.11,6.34,17.14,5/20,5/20,1.0,0.0,20.0,7.0,12.0,15.0,10.0,4.0,80.0,4.0,2.0,0.0,0.0,0.0,0.0,20.0,20.0,446.0,620.0,20.0,31.0,8.34,22.3,3/27,3/27,0.0,0.0,,0.909519470976666,,,0.13333332444444504,2.3980812472324646,0.6395203091414496
MI,Ryan Rickelton,WK,13,13.0,263.0,195.0,76.0,20.23,134.88,0.0,18.0,16.0,1.0,0.0,0.0,13.0,0.0,0.0,0.0,0.0,0.0,0.0,0.0,-/-,-/-,0.0,0.0,5.0,5.0,108.0,72.0,62.0,27.0,150.0,1.0,14.0,5.0,1.0,0.0,0.0,5.0,0.0,0.0,0.0,0.0,0.0,0.0,0.0,-/-,-/-,0.0,0.0,,0.909519470976666,,,0.26388888522376547,0.0,0.1
MI,Arjun Tendulkar,BOWL,0,0.0,0.0,0.0,0.0,0.0,0.0,0.0,0.0,0.0,0.0,0.0,0.0,0.0,0.0,0.0,0.0,0.0,0.0,0.0,0.0,-/-,-/-,0.0,0.0,5.0,1.0,13.0,9.0,13.0,13.0,144.45,0.0,0.0,1.0,0.0,0.0,0.0,5.0,5.0,73.0,114.0,3.0,38.0,9.37,24.33,1/9,1/9,0.0,0.0,,0.909519470976666,,,0.11111109876543349,0.32017072356769233,0.11337601052155313
MI,Will Jacks,ALL,23,21.0,383.0,280.0,40.0,18.24,136.79,0.0,40.0,15.0,0.0,0.0,0.0,23.0,3.0,18.0,41.0,1.0,41.0,13.67,18.0,1/5,1/5,0.0,0.0,12.0,12.0,284.0,180.0,100.0,25.82,157.78,1.0,20.0,20.0,1.0,1.0,0.0,12.0,7.0,84.0,142.0,3.0,47.33,10.14,28.0,1/23,1/23,0.0,0.0,,0.909519470976666,,,0.22222222098765432,0.295857958988367,0.14063115604338805
MI,Hardik Pandya,ALL,114,90.0,1812.0,1279.0,71.0,27.88,141.68,25.0,135.0,95.0,5.0,0.0,0.0,114.0,102.0,1817.0,2485.0,94.0,26.44,8.21,19.33,4/16,4/16,0.0,0.0,141.0,131.0,2606.0,1782.0,91.0,28.96,146.25,41.0,195.0,141.0,10.0,0.0,0.0,141.0,97.0,1502.0,2270.0,74.0,30.68,9.07,20.3,5/36,5/36,1.0,0.0,,0.909519470976666,,,0.18855218844637922,8.158764260334701,0.9
MI,Mitchell Santner,ALL,109,74.0,725.0,603.0,77.0,16.86,120.24,31.0,55.0,24.0,1.0,0.0,0.0,109.0,107.0,2268.0,2661.0,120.0,22.18,7.04,18.9,4/11,4/11,0.0,0.0,23.0,15.0,109.0,99.0,22.0,13.63,110.11,7.0,6.0,6.0,0.0,0.0,0.0,23.0,23.0,465.0,574.0,16.0,35.88,7.41,29.06,2/13,2/13,0.0,0.0,,0.909519470976666,,,0.12121211998775637,2.1592439731114745,0.5761746292741955
MI,Reece Topley,BOWL,35,10.0,17.0,20.0,9.0,8.5,85.0,8.0,1.0,0.0,0.0,0.0,0.0,35.0,35.0,706.0,978.0,33.0,29.64,8.31,21.39,3/22,3/22,0.0,0.0,5.0,1.0,3.0,6.0,3.0,0.0,50.0,1.0,0.0,0.0,0.0,0.0,0.0,5.0,5.0,102.0,182.0,5.0,36.4,10.71,20.4,2/27,2/27,0.0,0.0,,0.909519470976666,,,0.0,0.4668533644394618,0.11671334110986545
MI,Corbin Bosch,ALL,0,0.0,0.0,0.0,0.0,0.0,0.0,0.0,0.0,0.0,0.0,0.0,0.0,0.0,0.0,0.0,0.0,0.0,0.0,0.0,0.0,-/-,-/-,0.0,0.0,0.0,0.0,0.0,0.0,0.0,0.0,0.0,0.0,0.0,0.0,0.0,0.0,0.0,0.0,0.0,0.0,0.0,0.0,0.0,0.0,0.0,-/-,-/-,0.0,0.0,,0.909519470976666,,,0.0,0.0,0.1
MI,Jasprit Bumrah,BOWL,70,8.0,8.0,14.0,7.0,2.67,57.15,5.0,1.0,0.0,0.0,0.0,0.0,70.0,69.0,1509.0,1579.0,89.0,17.74,6.28,16.96,3/7,3/7,0.0,0.0,134.0,31.0,68.0,79.0,16.0,9.71,86.08,24.0,5.0,1.0,0.0,0.0,0.0,134.0,134.0,3077.0,3745.0,165.0,22.7,7.3,18.65,5/10,5/10,2.0,0.0,,0.909519470976666,,,0.07594936612722322,10.0,0.9
MI,Trent Boult,BOWL,61,15.0,58.0,64.0,16.0,8.29,90.63,8.0,3.0,2.0,0.0,0.0,0.0,61.0,61.0,1389.0,1779.0,83.0,21.43,7.68,16.73,4/13,4/13,0.0,0.0,108.0,29.0,85.0,81.0,17.0,9.44,104.94,20.0,5.0,3.0,0.0,0.0,0.0,108.0,108.0,2445.0,3399.0,126.0,26.98,8.34,19.4,4/18,4/18,0.0,0.0,,0.909519470976666,,,0.09876543087943913,10.0,0.9
MI,Suryakumar Yadav,BAT,83,79.0,2598.0,1555.0,117.0,38.21,167.08,11.0,237.0,146.0,21.0,4.0,0.0,83.0,1.0,6.0,5.0,2.0,2.5,5.0,3.0,2/5,2/5,0.0,0.0,155.0,140.0,3793.0,2605.0,103.0,32.7,145.61,24.0,405.0,138.0,25.0,2.0,0.0,155.0,1.0,6.0,8.0,0.0,0.0,8.0,0.0,0/8,0/8,0.0,0.0,,0.909519470976666,,,0.20844529742478107,0.0,0.1
MI,Deepak Chahar,BOWL,25,7.0,53.0,28.0,31.0,26.5,189.29,5.0,4.0,4.0,0.0,0.0,0.0,25.0,25.0,540.0,747.0,31.0,24.1,8.3,17.42,6/7,6/7,1.0,0.0,86.0,15.0,108.0,75.0,39.0,13.5,144.0,7.0,4.0,8.0,0.0,0.0,0.0,86.0,86.0,1741.0,2349.0,81.0,29.0,8.1,21.49,4/13,4/13,0.0,0.0,,0.909519470976666,,,0.1599999978666667,9.999998765432252,0.9
MI,Karn Sharma,BOWL,1,0.0,0.0,0.0,0.0,0.0,0.0,0.0,0.0,0.0,0.0,0.0,0.0,1.0,1.0,24.0,28.0,1.0,28.0,7.0,24.0,1/28,1/28,0.0,0.0,84.0,40.0,351.0,294.0,39.0,13.5,119.39,14.0,20.0,17.0,0.0,0.0,0.0,84.0,82.0,1495.0,2087.0,76.0,27.46,8.38,19.67,4/16,4/16,0.0,0.0,,0.909519470976666,,,0.12585033970799203,9.069211328256404,0.9
MI,Rohit Sharma,BAT,159,151.0,4231.0,3003.0,121.0,31.34,140.9,16.0,383.0,205.0,32.0,5.0,0.0,159.0,9.0,68.0,113.0,1.0,113.0,9.97,68.0,1/22,1/22,0.0,0.0,261.0,256.0,6666.0,5083.0,109.0,29.37,131.15,29.0,603.0,282.0,43.0,2.0,0.0,261.0,32.0,339.0,453.0,15.0,30.2,8.02,22.6,4/6,4/6,0.0,0.0,,0.909519470976666,,,0.17410977765608698,1.870323956318709,0.5198139223765034
PBKS,Musheer Khan,ALL,0,0.0,0.0,0.0,0.0,0.0,0.0,0.0,0.0,0.0,0.0,0.0,0.0,0.0,0.0,0.0,0.0,0.0,0.0,0.0,0.0,-/-,-/-,0.0,0.0,0.0,0.0,0.0,0.0,0.0,0.0,0.0,0.0,0.0,0.0,0.0,0.0,0.0,0.0,0.0,0.0,0.0,0.0,0.0,0.0,0.0,-/-,-/-,0.0,0.0,,0.909519470976666,,,0.0,0.0,0.1
PBKS,Harnoor Singh Pannu,BAT,0,0.0,0.0,0.0,0.0,0.0,0.0,0.0,0.0,0.0,0.0,0.0,0.0,0.0,0.0,0.0,0.0,0.0,0.0,0.0,0.0,-/-,-/-,0.0,0.0,0.0,0.0,0.0,0.0,0.0,0.0,0.0,0.0,0.0,0.0,0.0,0.0,0.0,0.0,0.0,0.0,0.0,0.0,0.0,0.0,0.0,-/-,-/-,0.0,0.0,,0.909519470976666,,,0.0,0.0,0.1
PBKS,Pyla Avinash,BAT,0,0.0,0.0,0.0,0.0,0.0,0.0,0.0,0.0,0.0,0.0,0.0,0.0,0.0,0.0,0.0,0.0,0.0,0.0,0.0,0.0,-/-,-/-,0.0,0.0,0.0,0.0,0.0,0.0,0.0,0.0,0.0,0.0,0.0,0.0,0.0,0.0,0.0,0.0,0.0,0.0,0.0,0.0,0.0,0.0,0.0,-/-,-/-,0.0,0.0,,0.909519470976666,,,0.0,0.0,0.1
PBKS,Suryansh Shedge,ALL,0,0.0,0.0,0.0,0.0,0.0,0.0,0.0,0.0,0.0,0.0,0.0,0.0,0.0,0.0,0.0,0.0,0.0,0.0,0.0,0.0,-/-,-/-,0.0,0.0,3.0,1.0,2.0,4.0,2.0,2.0,50.0,0.0,0.0,0.0,0.0,0.0,0.0,3.0,0.0,0.0,0.0,0.0,0.0,0.0,0.0,-/-,-/-,0.0,0.0,,0.909519470976666,,,0.0,0.0,0.1
PBKS,Harpreet Brar,BOWL,0,0.0,0.0,0.0,0.0,0.0,0.0,0.0,0.0,0.0,0.0,0.0,0.0,0.0,0.0,0.0,0.0,0.0,0.0,0.0,0.0,-/-,-/-,0.0,0.0,41.0,24.0,233.0,190.0,29.0,21.18,122.64,13.0,19.0,9.0,0.0,0.0,0.0,41.0,39.0,679.0,895.0,25.0,35.8,7.91,27.16,4/30,4/30,0.0,0.0,Harpreet Brar,0.8897725005840567,0.44444439506173394,0.9267677341469746,0.1473684202770083,3.1605558583368065,0.9
PBKS,Priyansh Arya,BAT,0,0.0,0.0,0.0,0.0,0.0,0.0,0.0,0.0,0.0,0.0,0.0,0.0,0.0,0.0,0.0,0.0,0.0,0.0,0.0,0.0,-/-,-/-,0.0,0.0,4.0,4.0,158.0,75.0,103.0,39.5,210.67,0.0,15.0,11.0,0.0,1.0,0.0,4.0,0.0,0.0,0.0,0.0,0.0,0.0,0.0,-/-,-/-,0.0,0.0,,0.909519470976666,,,0.3466666620444445,0.0,0.10399999861333335
PBKS,Kuldeep Sen,BOWL,0,0.0,0.0,0.0,0.0,0.0,0.0,0.0,0.0,0.0,0.0,0.0,0.0,0.0,0.0,0.0,0.0,0.0,0.0,0.0,0.0,-/-,-/-,0.0,0.0,12.0,1.0,0.0,3.0,0.0,0.0,0.0,1.0,0.0,0.0,0.0,0.0,0.0,12.0,12.0,241.0,387.0,14.0,27.64,9.63,17.21,4/20,4/20,0.0,0.0,,0.909519470976666,,,0.0,1.453790087872265,0.36344752196806623
PBKS,Marco Jansen,ALL,17,12.0,166.0,111.0,54.0,18.44,149.55,3.0,13.0,11.0,1.0,0.0,0.0,17.0,17.0,373.0,506.0,16.0,31.63,8.14,23.31,3/16,3/16,0.0,0.0,25.0,15.0,103.0,91.0,34.0,12.88,113.19,7.0,7.0,4.0,0.0,0.0,0.0,25.0,25.0,546.0,880.0,23.0,38.26,9.67,23.74,3/25,3/25,0.0,0.0,,0.909519470976666,,,0.12087911955077892,2.3784899298355815,0.6308862183241291
PBKS,Nehal Wadhera,BAT,0,0.0,0.0,0.0,0.0,0.0,0.0,0.0,0.0,0.0,0.0,0.0,0.0,0.0,0.0,0.0,0.0,0.0,0.0,0.0,0.0,-/-,-/-,0.0,0.0,23.0,19.0,464.0,323.0,64.0,27.29,143.66,2.0,39.0,26.0,3.0,0.0,0.0,23.0,1.0,12.0,13.0,0.0,0.0,6.5,0.0,0/13,0/13,0.0,0.0,,0.909519470976666,,,0.20123838946985018,0.0,0.1
PBKS,Prabhsimran Singh,WK,0,0.0,0.0,0.0,0.0,0.0,0.0,0.0,0.0,0.0,0.0,0.0,0.0,0.0,0.0,0.0,0.0,0.0,0.0,0.0,0.0,-/-,-/-,0.0,0.0,38.0,38.0,847.0,577.0,103.0,22.29,146.8,0.0,90.0,44.0,4.0,1.0,0.0,38.0,0.0,0.0,0.0,0.0,0.0,0.0,0.0,-/-,-/-,0.0,0.0,,0.909519470976666,,,0.23223570150392425,0.0,0.1
PBKS,Aaron Hardie,ALL,13,8.0,128.0,99.0,28.0,21.33,129.3,2.0,15.0,3.0,0.0,0.0,0.0,13.0,10.0,180.0,250.0,10.0,25.0,8.33,18.0,3/21,3/21,0.0,0.0,0.0,0.0,0.0,0.0,0.0,0.0,0.0,0.0,0.0,0.0,0.0,0.0,0.0,0.0,0.0,0.0,0.0,0.0,0.0,0.0,0.0,-/-,-/-,0.0,0.0,,0.909519470976666,,,0.0,0.0,0.1
PBKS,Arshdeep Singh,BOWL,63,21.0,71.0,61.0,12.0,8.88,116.4,13.0,6.0,3.0,0.0,0.0,0.0,63.0,63.0,1310.0,1812.0,99.0,18.3,8.3,13.23,4/9,4/9,0.0,0.0,69.0,13.0,30.0,45.0,10.0,5.0,66.67,7.0,4.0,0.0,0.0,0.0,0.0,69.0,69.0,1460.0,2205.0,82.0,26.89,9.06,17.8,5/32,5/32,1.0,0.0,Arshdeep Singh,0.6936503456163765,0.499999750000125,0.8349207770217839,0.0888888869135803,9.050771627950152,0.9
PBKS,Azmatullah Omarzai,ALL,47,37.0,474.0,427.0,34.0,14.36,111.01,4.0,30.0,18.0,0.0,0.0,0.0,47.0,42.0,670.0,935.0,31.0,30.16,8.37,21.61,4/9,4/9,0.0,0.0,8.0,5.0,58.0,48.0,17.0,11.6,120.84,0.0,4.0,3.0,0.0,0.0,0.0,8.0,8.0,138.0,215.0,4.0,53.75,9.35,34.5,2/27,2/27,0.0,0.0,,0.909519470976666,,,0.14583333029513895,0.4278074408762096,0.15070185930759408
PBKS,Vishnu Vinod,WK,0,0.0,0.0,0.0,0.0,0.0,0.0,0.0,0.0,0.0,0.0,0.0,0.0,0.0,0.0,0.0,0.0,0.0,0.0,0.0,0.0,-/-,-/-,0.0,0.0,6.0,6.0,56.0,57.0,30.0,9.33,98.25,0.0,3.0,3.0,0.0,0.0,0.0,6.0,0.0,0.0,0.0,0.0,0.0,0.0,0.0,-/-,-/-,0.0,0.0,Vishnu Vinod,0.8346935951118637,0.33333322222225925,0.8962585311183917,0.10526315604801481,0.0,0.15678298608118402
PBKS,Xavier Bartlett,BOWL,7,2.0,5.0,10.0,5.0,2.5,50.0,0.0,1.0,0.0,0.0,0.0,0.0,7.0,7.0,142.0,162.0,11.0,14.73,6.85,12.91,3/13,3/13,0.0,0.0,0.0,0.0,0.0,0.0,0.0,0.0,0.0,0.0,0.0,0.0,0.0,0.0,0.0,0.0,0.0,0.0,0.0,0.0,0.0,0.0,0.0,-/-,-/-,0.0,0.0,,0.909519470976666,,,0.0,0.0,0.1
PBKS,Shashank Singh,BAT,0,0.0,0.0,0.0,0.0,0.0,0.0,0.0,0.0,0.0,0.0,0.0,0.0,0.0,0.0,0.0,0.0,0.0,0.0,0.0,0.0,-/-,-/-,0.0,0.0,28.0,22.0,529.0,327.0,68.0,44.08,161.78,10.0,41.0,30.0,3.0,0.0,0.0,28.0,3.0,18.0,25.0,1.0,25.0,8.33,18.0,1/5,1/5,0.0,0.0,Shashank Singh,1.7042508910966532,0.9999996666667778,0.9338435541306238,0.21712538159900496,0.1200480047961579,0.35078724934323896
PBKS,Lockie Ferguson,BOWL,43,15.0,29.0,36.0,14.0,3.63,80.56,7.0,0.0,2.0,0.0,0.0,0.0,43.0,43.0,919.0,1087.0,64.0,16.98,7.1,14.36,5/21,5/21,1.0,0.0,48.0,11.0,72.0,47.0,24.0,24.0,153.2,8.0,7.0,2.0,0.0,0.0,0.0,48.0,48.0,1021.0,1529.0,51.0,29.98,8.99,20.02,4/28,4/28,0.0,0.0,,0.909519470976666,,,0.19148935762788602,5.672969335598517,0.9
PBKS,Josh Inglis,WK,29,28.0,706.0,450.0,110.0,30.7,156.89,5.0,67.0,28.0,0.0,2.0,0.0,29.0,0.0,0.0,0.0,0.0,0.0,0.0,0.0,-/-,-/-,0.0,0.0,0.0,0.0,0.0,0.0,0.0,0.0,0.0,0.0,0.0,0.0,0.0,0.0,0.0,0.0,0.0,0.0,0.0,0.0,0.0,0.0,0.0,-/-,-/-,0.0,0.0,,0.909519470976666,,,0.0,0.0,0.1
PBKS,Vyshak Vijaykumar,BOWL,0,0.0,0.0,0.0,0.0,0.0,0.0,0.0,0.0,0.0,0.0,0.0,0.0,0.0,0.0,0.0,0.0,0.0,0.0,0.0,0.0,-/-,-/-,0.0,0.0,12.0,4.0,14.0,12.0,13.0,7.0,116.67,2.0,0.0,1.0,0.0,0.0,0.0,12.0,12.0,249.0,423.0,13.0,32.54,10.19,19.15,3/20,3/20,0.0,0.0,,0.909519470976666,,,0.08333332638888948,1.275760424361097,0.3439401040069411
PBKS,Pravin Dubey,BOWL,0,0.0,0.0,0.0,0.0,0.0,0.0,0.0,0.0,0.0,0.0,0.0,0.0,0.0,0.0,0.0,0.0,0.0,0.0,0.0,0.0,-/-,-/-,0.0,0.0,4.0,2.0,23.0,33.0,16.0,23.0,69.7,1.0,2.0,0.0,0.0,0.0,0.0,4.0,4.0,66.0,91.0,1.0,91.0,8.27,66.0,1/19,1/19,0.0,0.0,,0.909519470976666,,,0.060606058769513374,0.12091896965913307,0.1
PBKS,Yash Thakur,BOWL,0,0.0,0.0,0.0,0.0,0.0,0.0,0.0,0.0,0.0,0.0,0.0,0.0,0.0,0.0,0.0,0.0,0.0,0.0,0.0,0.0,-/-,-/-,0.0,0.0,20.0,0.0,0.0,0.0,0.0,0.0,0.0,0.0,0.0,0.0,0.0,0.0,0.0,20.0,20.0,428.0,730.0,25.0,29.2,10.23,17.12,5/30,5/30,1.0,0.0,,0.909519470976666,,,0.0,2.4437925274885117,0.6109481318721279
PBKS,Shreyas Iyer,BAT,51,47.0,1104.0,811.0,74.0,30.67,136.13,11.0,90.0,44.0,8.0,0.0,0.0,51.0,1.0,2.0,2.0,0.0,0.0,0.0,0.0,0/2,0/2,0.0,0.0,119.0,119.0,3295.0,2537.0,97.0,33.28,129.88,20.0,281.0,127.0,23.0,0.0,0.0,119.0,1.0,6.0,7.0,0.0,0.0,7.0,0.0,0/7,0/7,0.0,0.0,,0.909519470976666,,,0.16081986592005523,0.0,0.1
PBKS,Marcus Stoinis,ALL,74,61.0,1245.0,838.0,78.0,31.92,148.57,22.0,99.0,63.0,5.0,0.0,0.0,74.0,48.0,750.0,1091.0,45.0,24.24,8.73,16.67,4/23,4/23,0.0,0.0,100.0,91.0,1891.0,1343.0,124.0,27.41,140.81,22.0,151.0,93.0,9.0,1.0,0.0,100.0,66.0,857.0,1378.0,43.0,32.05,9.65,19.93,4/15,4/15,0.0,0.0,,0.909519470976666,,,0.18168279956687802,4.455958087465484,0.9
PBKS,Yuzvendra Chahal,BOWL,80,6.0,6.0,13.0,3.0,3.0,46.16,4.0,0.0,0.0,0.0,0.0,0.0,80.0,79.0,1764.0,2409.0,96.0,25.09,8.19,18.38,6/25,6/25,1.0,0.0,164.0,20.0,37.0,86.0,8.0,5.29,43.03,13.0,0.0,0.0,0.0,0.0,0.0,164.0,163.0,3587.0,4713.0,206.0,22.88,7.88,17.41,5/40,5/40,1.0,0.0,,0.909519470976666,,,0.0,10.0,0.9
PBKS,Glenn Maxwell,ALL,116,106.0,2664.0,1719.0,145.0,29.93,154.98,17.0,224.0,137.0,11.0,5.0,0.0,116.0,76.0,985.0,1321.0,43.0,30.72,8.05,22.91,3/10,3/10,0.0,0.0,138.0,132.0,2802.0,1792.0,95.0,24.37,156.37,17.0,235.0,161.0,18.0,0.0,0.0,138.0,83.0,992.0,1368.0,40.0,34.2,8.27,24.8,2/15,2/15,0.0,0.0,,0.909519470976666,,,0.2209821427338269,4.836758786365323,0.9
RCB,Abhinandan Singh,BOWL,0,0.0,0.0,0.0,0.0,0.0,0.0,0.0,0.0,0.0,0.0,0.0,0.0,0.0,0.0,0.0,0.0,0.0,0.0,0.0,0.0,-/-,-/-,0.0,0.0,0.0,0.0,0.0,0.0,0.0,0.0,0.0,0.0,0.0,0.0,0.0,0.0,0.0,0.0,0.0,0.0,0.0,0.0,0.0,0.0,0.0,-/-,-/-,0.0,0.0,,0.909519470976666,,,0.0,0.0,0.1
RCB,Swastik Chikara,BAT,0,0.0,0.0,0.0,0.0,0.0,0.0,0.0,0.0,0.0,0.0,0.0,0.0,0.0,0.0,0.0,0.0,0.0,0.0,0.0,0.0,-/-,-/-,0.0,0.0,0.0,0.0,0.0,0.0,0.0,0.0,0.0,0.0,0.0,0.0,0.0,0.0,0.0,0.0,0.0,0.0,0.0,0.0,0.0,0.0,0.0,-/-,-/-,0.0,0.0,,0.909519470976666,,,0.0,0.0,0.1
RCB,Mohit Rathee,ALL,0,0.0,0.0,0.0,0.0,0.0,0.0,0.0,0.0,0.0,0.0,0.0,0.0,0.0,0.0,0.0,0.0,0.0,0.0,0.0,0.0,-/-,-/-,0.0,0.0,1.0,1.0,1.0,2.0,1.0,0.0,50.0,1.0,0.0,0.0,0.0,0.0,0.0,1.0,1.0,12.0,29.0,0.0,0.0,14.5,0.0,0/29,0/29,0.0,0.0,,0.909519470976666,,,0.0,0.0,0.1
RCB,Suyash Sharma,BOWL,0,0.0,0.0,0.0,0.0,0.0,0.0,0.0,0.0,0.0,0.0,0.0,0.0,0.0,0.0,0.0,0.0,0.0,0.0,0.0,0.0,-/-,-/-,0.0,0.0,17.0,0.0,0.0,0.0,0.0,0.0,0.0,0.0,0.0,0.0,0.0,0.0,0.0,17.0,17.0,354.0,508.0,12.0,42.33,8.61,29.5,3/30,3/30,0.0,0.0,,0.909519470976666,,,0.0,1.393728061123338,0.3484320152808345
RCB,Jacob Bethell,BAT,10,9.0,196.0,133.0,62.0,32.67,147.37,3.0,14.0,11.0,2.0,0.0,0.0,10.0,1.0,18.0,28.0,0.0,0.0,9.33,0.0,0/28,0/28,0.0,0.0,0.0,0.0,0.0,0.0,0.0,0.0,0.0,0.0,0.0,0.0,0.0,0.0,0.0,0.0,0.0,0.0,0.0,0.0,0.0,0.0,0.0,-/-,-/-,0.0,0.0,,0.909519470976666,,,0.0,0.0,0.1
RCB,Rasikh Salam,BOWL,0,0.0,0.0,0.0,0.0,0.0,0.0,0.0,0.0,0.0,0.0,0.0,0.0,0.0,0.0,0.0,0.0,0.0,0.0,0.0,0.0,-/-,-/-,0.0,0.0,13.0,6.0,40.0,40.0,10.0,8.0,100.0,1.0,5.0,0.0,0.0,0.0,0.0,13.0,13.0,231.0,409.0,10.0,40.9,10.62,23.1,3/34,3/34,0.0,0.0,Rasikh Salam,1.062499588541839,0.499999750000125,0.75000024999975,0.12499999687500009,0.9416194970226464,0.4322798115994374
RCB,Yash Dayal,BOWL,0,0.0,0.0,0.0,0.0,0.0,0.0,0.0,0.0,0.0,0.0,0.0,0.0,0.0,0.0,0.0,0.0,0.0,0.0,0.0,0.0,-/-,-/-,0.0,0.0,33.0,1.0,0.0,1.0,0.0,0.0,0.0,0.0,0.0,0.0,0.0,0.0,0.0,33.0,33.0,678.0,1074.0,34.0,31.59,9.5,19.94,3/20,3/20,0.0,0.0,Yash Dayal,0.0,0.0,9.99998999939855e-07,0.0,3.5789469916897905,0.8947367479224476
RCB,Manoj Bhandage,ALL,0,0.0,0.0,0.0,0.0,0.0,0.0,0.0,0.0,0.0,0.0,0.0,0.0,0.0,0.0,0.0,0.0,0.0,0.0,0.0,0.0,-/-,-/-,0.0,0.0,0.0,0.0,0.0,0.0,0.0,0.0,0.0,0.0,0.0,0.0,0.0,0.0,0.0,0.0,0.0,0.0,0.0,0.0,0.0,0.0,0.0,-/-,-/-,0.0,0.0,,0.909519470976666,,,0.0,0.0,0.1
RCB,Nuwan Thushara,BOWL,18,7.0,9.0,17.0,6.0,4.5,52.95,5.0,1.0,0.0,0.0,0.0,0.0,18.0,18.0,341.0,435.0,26.0,16.73,7.65,13.12,5/20,5/20,1.0,0.0,7.0,0.0,0.0,0.0,0.0,0.0,0.0,0.0,0.0,0.0,0.0,0.0,0.0,7.0,7.0,156.0,257.0,8.0,32.13,9.88,19.5,3/28,3/28,0.0,0.0,,0.909519470976666,,,0.0,0.8097165172351704,0.2024291293087926
RCB,Romario Shepherd,ALL,53,34.0,537.0,386.0,44.0,26.85,139.12,14.0,25.0,39.0,0.0,0.0,0.0,53.0,49.0,944.0,1542.0,56.0,27.54,9.8,16.86,4/31,4/31,0.0,0.0,10.0,9.0,115.0,63.0,39.0,23.0,182.54,4.0,7.0,10.0,0.0,0.0,0.0,10.0,8.0,126.0,257.0,4.0,64.25,12.24,31.5,2/42,2/42,0.0,0.0,,0.909519470976666,,,0.26984126555807514,0.3267973589217844,0.16265171939786865
RCB,Tim David,BAT,54,48.0,1201.0,745.0,92.0,33.36,161.21,12.0,101.0,65.0,6.0,0.0,0.0,54.0,11.0,164.0,255.0,5.0,51.0,9.33,32.8,1/18,1/18,0.0,0.0,43.0,39.0,751.0,434.0,46.0,31.29,173.05,15.0,44.0,55.0,0.0,0.0,0.0,43.0,0.0,0.0,0.0,0.0,0.0,0.0,0.0,-/-,-/-,0.0,0.0,,0.909519470976666,,,0.22811059855274055,0.0,0.1
RCB,Devdutt Padikkal,BAT,2,2.0,38.0,38.0,29.0,19.0,100.0,0.0,2.0,1.0,0.0,0.0,0.0,2.0,0.0,0.0,0.0,0.0,0.0,0.0,0.0,-/-,-/-,0.0,0.0,69.0,69.0,1638.0,1323.0,101.0,24.45,123.81,2.0,175.0,47.0,9.0,1.0,0.0,69.0,0.0,0.0,0.0,0.0,0.0,0.0,0.0,-/-,-/-,0.0,0.0,,0.909519470976666,,,0.16780045338790592,0.0,0.1
RCB,Krunal Pandya,ALL,19,10.0,124.0,95.0,26.0,24.8,130.53,5.0,8.0,6.0,0.0,0.0,0.0,19.0,19.0,410.0,554.0,15.0,36.93,8.11,27.33,4/36,4/36,0.0,0.0,132.0,114.0,1670.0,1266.0,86.0,21.41,131.92,36.0,146.0,61.0,1.0,0.0,0.0,132.0,122.0,2212.0,2759.0,83.0,33.24,7.48,26.65,4/45,4/45,0.0,0.0,,0.909519470976666,,,0.16350710887558678,10.0,0.9
RCB,Rajat Patidar,BAT,0,0.0,0.0,0.0,0.0,0.0,0.0,0.0,0.0,0.0,0.0,0.0,0.0,0.0,0.0,0.0,0.0,0.0,0.0,0.0,0.0,-/-,-/-,0.0,0.0,32.0,29.0,985.0,618.0,112.0,35.18,159.39,1.0,68.0,63.0,9.0,1.0,0.0,32.0,0.0,0.0,0.0,0.0,0.0,0.0,0.0,-/-,-/-,0.0,0.0,,0.909519470976666,,,0.21197410968936228,0.0,0.1
RCB,Jitesh Sharma,WK,9,7.0,100.0,68.0,35.0,14.29,147.06,0.0,11.0,4.0,0.0,0.0,0.0,9.0,0.0,0.0,0.0,0.0,0.0,0.0,0.0,-/-,-/-,0.0,0.0,45.0,40.0,818.0,540.0,49.0,23.37,151.49,5.0,61.0,51.0,0.0,0.0,0.0,45.0,0.0,0.0,0.0,0.0,0.0,0.0,0.0,-/-,-/-,0.0,0.0,,0.909519470976666,,,0.2074074070233196,0.0,0.1
RCB,Lungi Ngidi,BOWL,43,13.0,41.0,52.0,13.0,8.2,78.85,8.0,4.0,0.0,0.0,0.0,0.0,43.0,43.0,857.0,1320.0,63.0,20.95,9.24,13.6,5/39,5/39,1.0,0.0,14.0,0.0,0.0,0.0,0.0,0.0,0.0,0.0,0.0,0.0,0.0,0.0,0.0,14.0,14.0,324.0,448.0,25.0,17.92,8.3,12.96,4/10,4/10,0.0,0.0,,0.909519470976666,,,0.0,3.0120478298737554,0.7530119574684389
RCB,Philip Salt,WK,43,40.0,1193.0,726.0,119.0,34.09,164.33,5.0,116.0,61.0,5.0,3.0,0.0,43.0,0.0,0.0,0.0,0.0,0.0,0.0,0.0,-/-,-/-,0.0,0.0,26.0,26.0,796.0,451.0,89.0,33.17,176.5,2.0,94.0,41.0,7.0,0.0,0.0,26.0,0.0,0.0,0.0,0.0,0.0,0.0,0.0,-/-,-/-,0.0,0.0,,0.909519470976666,,,0.29933481086621994,0.0,0.1
RCB,Liam Livingstone,ALL,60,47.0,955.0,641.0,103.0,25.13,148.99,9.0,54.0,59.0,2.0,1.0,0.0,60.0,41.0,576.0,838.0,33.0,25.39,8.73,17.45,3/17,3/17,0.0,0.0,44.0,44.0,1022.0,640.0,94.0,27.62,159.69,7.0,69.0,73.0,7.0,0.0,0.0,44.0,26.0,306.0,461.0,13.0,35.46,9.04,23.54,3/27,3/27,0.0,0.0,,0.909519470976666,,,0.2218749996533203,1.4380529382684806,0.42607573446311625
RCB,Josh Hazlewood,BOWL,52,10.0,29.0,27.0,13.0,9.67,107.41,7.0,2.0,1.0,0.0,0.0,0.0,52.0,52.0,1186.0,1481.0,67.0,22.1,7.49,17.7,4/12,4/12,0.0,0.0,32.0,6.0,19.0,28.0,7.0,0.0,67.86,6.0,1.0,0.0,0.0,0.0,0.0,32.0,32.0,716.0,973.0,43.0,22.63,8.15,16.65,4/25,4/25,0.0,0.0,,0.909519470976666,,,0.035714284438775556,5.276072972260986,0.9
RCB,Bhuvneshwar Kumar,BOWL,87,21.0,67.0,94.0,16.0,8.38,71.28,13.0,0.0,0.0,0.0,0.0,0.0,87.0,86.0,1791.0,2079.0,90.0,23.1,6.96,19.9,5/4,5/4,2.0,0.0,180.0,71.0,308.0,334.0,27.0,8.8,92.22,36.0,30.0,3.0,0.0,0.0,0.0,180.0,180.0,4000.0,5046.0,186.0,27.13,7.57,21.51,5/19,5/19,2.0,0.0,,0.909519470976666,,,0.09880239491376529,10.0,0.9
RCB,Swapnil Singh,ALL,0,0.0,0.0,0.0,0.0,0.0,0.0,0.0,0.0,0.0,0.0,0.0,0.0,0.0,0.0,0.0,0.0,0.0,0.0,0.0,0.0,-/-,-/-,0.0,0.0,14.0,9.0,51.0,45.0,15.0,10.2,113.34,4.0,3.0,3.0,0.0,0.0,0.0,14.0,14.0,162.0,241.0,7.0,34.43,8.93,23.14,2/28,2/28,0.0,0.0,Swapnil Singh,0.6041662869795084,0.0,0.6250003437496641,0.13333333037037046,0.783874492287291,0.32659356522986016
RCB,Virat Kohli,BAT,125,117.0,4188.0,3056.0,122.0,48.7,137.05,31.0,369.0,124.0,38.0,1.0,0.0,125.0,13.0,152.0,204.0,4.0,51.0,8.05,38.0,1/13,1/13,0.0,0.0,257.0,249.0,8190.0,6193.0,113.0,38.82,132.25,38.0,721.0,280.0,57.0,8.0,0.0,257.0,26.0,251.0,368.0,4.0,92.0,8.8,62.75,2/25,2/25,0.0,0.0,,0.909519470976666,,,0.1616341029934387,0.45454540289256784,0.16212658162117358
RR,Vaibhav Suryavanshi,BAT,0,0.0,0.0,0.0,0.0,0.0,0.0,0.0,0.0,0.0,0.0,0.0,0.0,0.0,0.0,0.0,0.0,0.0,0.0,0.0,0.0,-/-,-/-,0.0,0.0,0.0,0.0,0.0,0.0,0.0,0.0,0.0,0.0,0.0,0.0,0.0,0.0,0.0,0.0,0.0,0.0,0.0,0.0,0.0,0.0,0.0,-/-,-/-,0.0,0.0,,0.909519470976666,,,0.0,0.0,0.1
RR,Ashok Sharma,BOWL,0,0.0,0.0,0.0,0.0,0.0,0.0,0.0,0.0,0.0,0.0,0.0,0.0,0.0,0.0,0.0,0.0,0.0,0.0,0.0,0.0,-/-,-/-,0.0,0.0,0.0,0.0,0.0,0.0,0.0,0.0,0.0,0.0,0.0,0.0,0.0,0.0,0.0,0.0,0.0,0.0,0.0,0.0,0.0,0.0,0.0,-/-,-/-,0.0,0.0,,0.909519470976666,,,0.0,0.0,0.1
RR,Kwena Maphaka,BOWL,5,3.0,16.0,19.0,12.0,0.0,84.22,3.0,2.0,0.0,0.0,0.0,0.0,5.0,5.0,101.0,168.0,3.0,56.0,9.98,33.67,2/39,2/39,0.0,0.0,2.0,0.0,0.0,0.0,0.0,0.0,0.0,0.0,0.0,0.0,0.0,0.0,0.0,2.0,2.0,36.0,89.0,1.0,89.0,14.83,36.0,1/23,1/23,0.0,0.0,,0.909519470976666,,,0.0,0.0674308787976481,0.1
RR,Kunal Singh Rathore,WK,0,0.0,0.0,0.0,0.0,0.0,0.0,0.0,0.0,0.0,0.0,0.0,0.0,0.0,0.0,0.0,0.0,0.0,0.0,0.0,0.0,-/-,-/-,0.0,0.0,0.0,0.0,0.0,0.0,0.0,0.0,0.0,0.0,0.0,0.0,0.0,0.0,0.0,0.0,0.0,0.0,0.0,0.0,0.0,0.0,0.0,-/-,-/-,0.0,0.0,,0.909519470976666,,,0.0,0.0,0.1
RR,Akash Madhwal,BOWL,0,0.0,0.0,0.0,0.0,0.0,0.0,0.0,0.0,0.0,0.0,0.0,0.0,0.0,0.0,0.0,0.0,0.0,0.0,0.0,0.0,-/-,-/-,0.0,0.0,13.0,1.0,4.0,5.0,4.0,0.0,80.0,1.0,0.0,0.0,0.0,0.0,0.0,13.0,13.0,262.0,424.0,19.0,22.32,9.71,13.79,5/5,5/5,1.0,0.0,,0.909519470976666,,,0.0,1.95674542155042,0.489186355387605
RR,Shubham Dubey,BAT,0,0.0,0.0,0.0,0.0,0.0,0.0,0.0,0.0,0.0,0.0,0.0,0.0,0.0,0.0,0.0,0.0,0.0,0.0,0.0,0.0,-/-,-/-,0.0,0.0,7.0,6.0,77.0,45.0,34.0,19.25,171.12,2.0,5.0,6.0,0.0,0.0,0.0,7.0,0.0,0.0,0.0,0.0,0.0,0.0,0.0,-/-,-/-,0.0,0.0,,0.909519470976666,,,0.2444444390123458,0.0,0.1
RR,Yudhvir Singh Charak,ALL,0,0.0,0.0,0.0,0.0,0.0,0.0,0.0,0.0,0.0,0.0,0.0,0.0,0.0,0.0,0.0,0.0,0.0,0.0,0.0,0.0,-/-,-/-,0.0,0.0,6.0,4.0,22.0,16.0,14.0,5.5,137.5,0.0,1.0,2.0,0.0,0.0,0.0,6.0,6.0,84.0,142.0,4.0,35.5,10.14,21.0,2/19,2/19,0.0,0.0,,0.909519470976666,,,0.18749998828125072,0.39447727865115595,0.1548693161471642
RR,Maheesh Theekshana,BOWL,60,26.0,66.0,103.0,14.0,3.88,64.08,9.0,4.0,2.0,0.0,0.0,0.0,60.0,60.0,1344.0,1541.0,58.0,26.57,6.88,23.17,3/17,3/17,0.0,0.0,32.0,5.0,15.0,25.0,7.0,7.5,60.0,3.0,0.0,1.0,0.0,0.0,0.0,32.0,32.0,744.0,991.0,31.0,31.97,7.99,24.0,4/33,4/33,0.0,0.0,,0.909519470976666,,,0.03999999840000006,3.8798493266771805,0.9
RR,Dhruv Jurel,WK,4,3.0,12.0,23.0,6.0,4.0,52.18,0.0,1.0,0.0,0.0,0.0,0.0,4.0,0.0,0.0,0.0,0.0,0.0,0.0,0.0,-/-,-/-,0.0,0.0,32.0,27.0,471.0,308.0,70.0,24.79,152.93,8.0,41.0,23.0,3.0,0.0,0.0,32.0,0.0,0.0,0.0,0.0,0.0,0.0,0.0,-/-,-/-,0.0,0.0,,0.909519470976666,,,0.20779220711755778,0.0,0.1
RR,Kumar Kartikeya,BOWL,0,0.0,0.0,0.0,0.0,0.0,0.0,0.0,0.0,0.0,0.0,0.0,0.0,0.0,0.0,0.0,0.0,0.0,0.0,0.0,0.0,-/-,-/-,0.0,0.0,14.0,3.0,10.0,13.0,6.0,3.33,76.93,0.0,1.0,0.0,0.0,0.0,0.0,14.0,14.0,252.0,360.0,11.0,32.73,8.57,22.91,2/22,2/22,0.0,0.0,,0.909519470976666,,,0.07692307100591762,1.2835471081041883,0.34396369832782236
RR,Yashasvi Jaiswal,BAT,23,22.0,723.0,440.0,100.0,36.15,164.32,2.0,82.0,38.0,5.0,1.0,0.0,23.0,1.0,6.0,11.0,0.0,0.0,11.0,0.0,0/11,0/11,0.0,0.0,57.0,57.0,1714.0,1151.0,124.0,31.16,148.92,2.0,205.0,71.0,10.0,2.0,0.0,57.0,1.0,1.0,6.0,0.0,0.0,0.0,0.0,0/6,0/6,0.0,0.0,,0.909519470976666,,,0.23979148545630624,0.0,0.1
RR,FazalHaq Farooqi,BOWL,43,12.0,12.0,19.0,4.0,4.0,63.16,9.0,1.0,0.0,0.0,0.0,0.0,43.0,43.0,922.0,1031.0,54.0,19.09,6.71,17.07,5/9,5/9,1.0,0.0,9.0,2.0,3.0,13.0,2.0,0.0,23.08,2.0,0.0,0.0,0.0,0.0,0.0,9.0,9.0,194.0,314.0,6.0,52.33,9.71,32.33,2/32,2/32,0.0,0.0,,0.909519470976666,,,0.0,0.6179196068053958,0.15447990170134895
RR,Riyan Parag,ALL,9,6.0,106.0,70.0,34.0,17.67,151.43,0.0,3.0,9.0,0.0,0.0,0.0,9.0,5.0,74.0,83.0,4.0,20.75,6.73,18.5,3/5,3/5,0.0,0.0,74.0,63.0,1308.0,952.0,84.0,25.15,137.4,11.0,91.0,71.0,6.0,0.0,0.0,74.0,22.0,199.0,332.0,4.0,83.0,10.01,49.75,1/7,1/7,0.0,0.0,,0.909519470976666,,,0.17016806704814277,0.3996003596802838,0.15095051003451376
RR,Tushar Deshpande,BOWL,2,0.0,0.0,0.0,0.0,0.0,0.0,0.0,0.0,0.0,0.0,0.0,0.0,2.0,2.0,36.0,56.0,2.0,28.0,9.33,18.0,1/26,1/26,0.0,0.0,40.0,7.0,27.0,20.0,20.0,13.5,135.0,5.0,2.0,1.0,0.0,0.0,0.0,40.0,40.0,851.0,1392.0,47.0,29.62,9.81,18.11,4/27,4/27,0.0,0.0,,0.909519470976666,,,0.14999999250000037,4.791029073289595,0.9
RR,Jofra Archer,BOWL,34,12.0,82.0,62.0,21.0,11.71,132.26,5.0,6.0,4.0,0.0,0.0,0.0,34.0,34.0,754.0,1002.0,41.0,24.44,7.97,18.39,4/33,4/33,0.0,0.0,45.0,29.0,220.0,142.0,27.0,13.75,154.93,13.0,11.0,16.0,0.0,0.0,0.0,45.0,45.0,1050.0,1348.0,53.0,25.43,7.7,19.81,3/15,3/15,0.0,0.0,,0.909519470976666,,,0.19014084373140253,6.883115989205716,0.9
RR,Wanindu Hasaranga,ALL,79,67.0,712.0,552.0,71.0,13.43,128.99,14.0,71.0,16.0,2.0,0.0,0.0,79.0,77.0,1734.0,2019.0,131.0,15.41,6.99,13.24,4/9,4/9,0.0,0.0,29.0,16.0,80.0,82.0,18.0,6.67,97.57,4.0,7.0,1.0,0.0,0.0,0.0,29.0,29.0,618.0,853.0,41.0,20.8,8.28,15.07,5/18,5/18,1.0,0.0,,0.909519470976666,,,0.09756097441998812,4.951690223225819,0.9
RR,Nitish Rana,ALL,2,2.0,15.0,27.0,9.0,7.5,55.56,0.0,0.0,0.0,0.0,0.0,0.0,2.0,0.0,0.0,0.0,0.0,0.0,0.0,0.0,-/-,-/-,0.0,0.0,112.0,106.0,2749.0,2015.0,87.0,28.05,136.43,8.0,248.0,137.0,19.0,0.0,0.0,112.0,26.0,192.0,270.0,10.0,27.0,8.44,19.2,2/11,2/11,0.0,0.0,,0.909519470976666,,,0.19106699742378808,1.1848339828395758,0.35352859493703037
RR,Shimron Hetmyer,BAT,62,52.0,942.0,795.0,81.0,20.04,118.5,5.0,63.0,47.0,5.0,0.0,0.0,62.0,0.0,0.0,0.0,0.0,0.0,0.0,0.0,-/-,-/-,0.0,0.0,77.0,71.0,1383.0,903.0,75.0,30.73,153.16,26.0,85.0,91.0,5.0,0.0,0.0,77.0,0.0,0.0,0.0,0.0,0.0,0.0,0.0,-/-,-/-,0.0,0.0,,0.909519470976666,,,0.19490586910863136,0.0,0.1
RR,Sandeep Sharma,BOWL,2,1.0,1.0,1.0,1.0,0.0,100.0,1.0,0.0,0.0,0.0,0.0,0.0,2.0,2.0,42.0,73.0,1.0,73.0,10.43,42.0,1/39,1/39,0.0,0.0,131.0,28.0,60.0,75.0,9.0,10.0,80.0,22.0,4.0,0.0,0.0,0.0,0.0,131.0,131.0,2930.0,3875.0,142.0,27.29,7.94,20.63,5/18,5/18,1.0,0.0,Sandeep Sharma,0.7201145766190085,0.499999750000125,0.9022989281608479,0.053333332622222236,10.0,0.9
RR,Sanju Samson,WK,42,38.0,861.0,565.0,111.0,25.32,152.39,4.0,71.0,49.0,2.0,3.0,0.0,42.0,0.0,0.0,0.0,0.0,0.0,0.0,0.0,-/-,-/-,0.0,0.0,172.0,168.0,4597.0,3298.0,119.0,30.85,139.39,19.0,372.0,213.0,26.0,3.0,0.0,172.0,0.0,0.0,0.0,0.0,0.0,0.0,0.0,-/-,-/-,0.0,0.0,,0.909519470976666,,,0.17738023038890838,0.0,0.1
SRH,Aniket Verma,BAT,0,0.0,0.0,0.0,0.0,0.0,0.0,0.0,0.0,0.0,0.0,0.0,0.0,0.0,0.0,0.0,0.0,0.0,0.0,0.0,0.0,-/-,-/-,0.0,0.0,5.0,5.0,141.0,77.0,74.0,28.2,183.12,0.0,8.0,12.0,1.0,0.0,0.0,5.0,0.0,0.0,0.0,0.0,0.0,0.0,0.0,-/-,-/-,0.0,0.0,,0.909519470976666,,,0.25974025636700965,0.0,0.1
SRH,Eshan Malinga,BOWL,0,0.0,0.0,0.0,0.0,0.0,0.0,0.0,0.0,0.0,0.0,0.0,0.0,0.0,0.0,0.0,0.0,0.0,0.0,0.0,0.0,-/-,-/-,0.0,0.0,0.0,0.0,0.0,0.0,0.0,0.0,0.0,0.0,0.0,0.0,0.0,0.0,0.0,0.0,0.0,0.0,0.0,0.0,0.0,0.0,0.0,-/-,-/-,0.0,0.0,,0.909519470976666,,,0.0,0.0,0.1
SRH,K Nitish Reddy,ALL,4,3.0,90.0,50.0,74.0,45.0,180.0,1.0,4.0,8.0,1.0,0.0,0.0,4.0,3.0,54.0,71.0,3.0,23.67,7.89,18.0,2/23,2/23,0.0,0.0,20.0,16.0,415.0,306.0,76.0,29.64,135.63,2.0,26.0,23.0,2.0,0.0,0.0,20.0,9.0,109.0,207.0,3.0,69.0,11.39,36.33,2/17,2/17,0.0,0.0,,0.909519470976666,,,0.16013071843094537,0.26338891454004265,0.11388644416429428
SRH,Abhinav Manohar,BAT,0,0.0,0.0,0.0,0.0,0.0,0.0,0.0,0.0,0.0,0.0,0.0,0.0,0.0,0.0,0.0,0.0,0.0,0.0,0.0,0.0,-/-,-/-,0.0,0.0,22.0,18.0,237.0,187.0,43.0,13.94,126.74,1.0,21.0,10.0,0.0,0.0,0.0,22.0,0.0,0.0,0.0,0.0,0.0,0.0,0.0,-/-,-/-,0.0,0.0,,0.909519470976666,,,0.16577540018301926,0.0,0.1
SRH,Atharva Taide,BAT,0,0.0,0.0,0.0,0.0,0.0,0.0,0.0,0.0,0.0,0.0,0.0,0.0,0.0,0.0,0.0,0.0,0.0,0.0,0.0,0.0,-/-,-/-,0.0,0.0,9.0,9.0,247.0,168.0,66.0,27.44,147.03,0.0,27.0,8.0,2.0,0.0,0.0,9.0,1.0,1.0,4.0,0.0,0.0,0.0,0.0,0/4,0/4,0.0,0.0,,0.909519470976666,,,0.20833333209325397,0.0,0.1
SRH,Simarjeet- Singh,BOWL,0,0.0,0.0,0.0,0.0,0.0,0.0,0.0,0.0,0.0,0.0,0.0,0.0,0.0,0.0,0.0,0.0,0.0,0.0,0.0,0.0,-/-,-/-,0.0,0.0,14.0,6.0,10.0,15.0,3.0,3.33,66.67,3.0,0.0,0.0,0.0,0.0,0.0,14.0,14.0,240.0,400.0,11.0,36.36,10.0,21.82,3/26,3/26,0.0,0.0,,0.909519470976666,,,0.0,1.099999890000011,0.27499997250000274
SRH,Rahul Chahar,BOWL,6,1.0,5.0,5.0,5.0,5.0,100.0,0.0,1.0,0.0,0.0,0.0,0.0,6.0,6.0,132.0,167.0,7.0,23.86,7.59,18.86,3/15,3/15,0.0,0.0,78.0,24.0,129.0,124.0,25.0,8.06,104.04,8.0,13.0,5.0,0.0,0.0,0.0,78.0,77.0,1664.0,2141.0,75.0,28.55,7.72,22.19,4/27,4/27,0.0,0.0,,0.909519470976666,,,0.14516128915192508,9.71502464831287,0.9
SRH,Abhishek Sharma,ALL,17,16.0,535.0,276.0,135.0,33.44,193.85,0.0,46.0,41.0,2.0,2.0,0.0,17.0,10.0,114.0,153.0,6.0,25.5,8.05,19.0,2/3,2/3,0.0,0.0,68.0,66.0,1427.0,927.0,75.0,24.19,153.94,7.0,138.0,73.0,7.0,0.0,0.0,68.0,30.0,318.0,471.0,11.0,42.82,8.89,28.91,2/4,2/4,0.0,0.0,Abhishek Sharma,1.2717673636366893,0.9999990000010001,0.895005305369431,0.22761596523450273,1.2373451926495846,0.5683861922782504
SRH,Kamindu Mendis,BAT,23,21.0,381.0,311.0,65.0,19.05,122.51,1.0,39.0,13.0,2.0,0.0,0.0,23.0,9.0,108.0,148.0,2.0,74.0,8.22,54.0,1/14,1/14,0.0,0.0,2.0,2.0,28.0,25.0,27.0,14.0,112.0,0.0,1.0,2.0,0.0,0.0,0.0,2.0,2.0,12.0,16.0,1.0,16.0,8.0,12.0,1/4,1/4,0.0,0.0,,0.909519470976666,,,0.11999999520000018,0.12499998437500197,0.1
SRH,Wiaan Mulder,ALL,11,8.0,105.0,90.0,36.0,17.5,116.67,2.0,8.0,3.0,0.0,0.0,0.0,11.0,10.0,120.0,195.0,8.0,24.38,9.75,15.0,2/10,2/10,0.0,0.0,1.0,1.0,9.0,11.0,9.0,9.0,81.82,0.0,1.0,0.0,0.0,0.0,0.0,1.0,1.0,6.0,16.0,0.0,0.0,16.0,0.0,0/16,0/16,0.0,0.0,,0.909519470976666,,,0.09090908264462885,0.0,0.1
SRH,Zeeshan Ansari,BOWL,0,0.0,0.0,0.0,0.0,0.0,0.0,0.0,0.0,0.0,0.0,0.0,0.0,0.0,0.0,0.0,0.0,0.0,0.0,0.0,0.0,-/-,-/-,0.0,0.0,3.0,0.0,0.0,0.0,0.0,0.0,0.0,0.0,0.0,0.0,0.0,0.0,0.0,3.0,3.0,66.0,100.0,4.0,25.0,9.09,16.5,3/42,3/42,0.0,0.0,,0.909519470976666,,,0.0,0.44004395599076396,0.11001098899769099
SRH,Ishan Kishan,WK,32,32.0,796.0,640.0,89.0,25.68,124.38,1.0,79.0,36.0,6.0,0.0,0.0,32.0,0.0,0.0,0.0,0.0,0.0,0.0,0.0,-/-,-/-,0.0,0.0,110.0,104.0,2771.0,2018.0,106.0,28.57,137.32,7.0,268.0,125.0,16.0,1.0,0.0,110.0,1.0,1.0,4.0,0.0,0.0,0.0,0.0,0/4,0/4,0.0,0.0,Ishan Kishan,1.1992872986991812,0.99999950000025,0.9415745973657494,0.19474727443273177,0.0,0.2383172771346967
SRH,Heinrich Klaasen,WK,58,53.0,1000.0,705.0,81.0,23.26,141.85,10.0,72.0,52.0,5.0,0.0,0.0,58.0,1.0,6.0,14.0,0.0,0.0,14.0,0.0,0/14,0/14,0.0,0.0,40.0,37.0,1145.0,680.0,104.0,36.94,168.39,6.0,69.0,71.0,6.0,1.0,0.0,40.0,0.0,0.0,0.0,0.0,0.0,0.0,0.0,-/-,-/-,0.0,0.0,,0.909519470976666,,,0.20588235263840832,0.0,0.1
SRH,Sachin Baby,BAT,0,0.0,0.0,0.0,0.0,0.0,0.0,0.0,0.0,0.0,0.0,0.0,0.0,0.0,0.0,0.0,0.0,0.0,0.0,0.0,0.0,-/-,-/-,0.0,0.0,19.0,11.0,144.0,118.0,33.0,16.0,122.04,2.0,11.0,5.0,0.0,0.0,0.0,19.0,2.0,10.0,8.0,2.0,4.0,4.8,5.0,2/4,2/4,0.0,0.0,Sachin Baby,0.9759297489443648,0.7499998125000469,0.8846354778146269,0.13559321918988798,0.4166665798611292,0.29123407306390336
SRH,Travis Head,BAT,38,37.0,1093.0,681.0,91.0,33.12,160.5,4.0,114.0,53.0,5.0,0.0,0.0,38.0,4.0,36.0,56.0,1.0,56.0,9.33,36.0,1/16,1/16,0.0,0.0,30.0,30.0,920.0,522.0,102.0,35.38,176.25,4.0,97.0,46.0,6.0,1.0,0.0,30.0,6.0,58.0,113.0,2.0,56.5,11.69,29.0,2/30,2/30,0.0,0.0,,0.909519470976666,,,0.27394635962845526,0.17108638399603218,0.12495550388754462
SRH,Adam Zampa,BOWL,95,22.0,68.0,76.0,13.0,5.67,89.48,10.0,7.0,0.0,0.0,0.0,0.0,95.0,94.0,2057.0,2458.0,117.0,21.01,7.17,17.58,5/19,5/19,1.0,0.0,22.0,5.0,15.0,24.0,7.0,3.0,62.5,0.0,1.0,0.0,0.0,0.0,0.0,22.0,22.0,467.0,652.0,31.0,21.03,8.38,15.06,6/19,6/19,1.0,0.0,,0.909519470976666,,,0.041666664930555625,3.699283568104586,0.9
SRH,Harshal Patel,BOWL,25,10.0,77.0,57.0,18.0,12.83,135.09,4.0,9.0,3.0,0.0,0.0,0.0,25.0,24.0,503.0,770.0,29.0,26.55,9.18,17.34,4/25,4/25,0.0,0.0,110.0,45.0,269.0,228.0,36.0,9.28,117.99,16.0,16.0,15.0,0.0,0.0,0.0,110.0,107.0,2239.0,3271.0,139.0,23.53,8.77,16.11,5/27,5/27,1.0,0.0,,0.909519470976666,,,0.13596491168436442,10.0,0.9
SRH,Pat Cummins,BOWL,57,27.0,158.0,133.0,28.0,10.53,118.8,12.0,11.0,7.0,0.0,0.0,0.0,57.0,57.0,1254.0,1556.0,66.0,23.58,7.44,19.0,3/15,3/15,0.0,0.0,63.0,46.0,571.0,380.0,66.0,19.69,150.27,17.0,38.0,38.0,3.0,0.0,0.0,63.0,63.0,1419.0,2109.0,67.0,31.48,8.92,21.18,4/34,4/34,0.0,0.0,,0.909519470976666,,,0.19999999947368421,7.511209920267947,0.9
SRH,Mohammed Shami,BOWL,25,5.0,7.0,10.0,7.0,3.5,70.0,3.0,0.0,1.0,0.0,0.0,0.0,25.0,25.0,510.0,761.0,27.0,28.19,8.95,18.89,3/15,3/15,0.0,0.0,115.0,29.0,84.0,89.0,21.0,6.0,94.39,15.0,7.0,2.0,0.0,0.0,0.0,115.0,115.0,2528.0,3569.0,132.0,27.04,8.47,19.15,4/11,4/11,0.0,0.0,Mohammed Shami,0.9010411677954928,0.99999950000025,0.8307292840710793,0.10112359436939782,10.0,0.9
SRH,Jaydev Unadkat,BOWL,10,0.0,0.0,0.0,0.0,0.0,0.0,0.0,0.0,0.0,0.0,0.0,0.0,10.0,10.0,208.0,301.0,14.0,21.5,8.68,14.86,3/38,3/38,0.0,0.0,106.0,32.0,197.0,166.0,26.0,12.31,118.68,16.0,16.0,7.0,0.0,0.0,0.0,106.0,105.0,2143.0,3205.0,99.0,32.37,8.97,21.65,5/25,5/25,2.0,0.0,,0.909519470976666,,,0.13855421603280593,10.0,0.9
